{
  "Total" : {
    "transaction" : "Total",
    "sampleCount" : 40000,
    "errorCount" : 8542,
    "errorPct" : 21.355,
    "meanResTime" : 8522.464999999984,
    "medianResTime" : 15781.0,
    "minResTime" : 72.0,
    "maxResTime" : 21339.0,
    "pct1ResTime" : 21052.0,
    "pct2ResTime" : 21069.0,
    "pct3ResTime" : 21143.0,
    "throughput" : 975.7525491535347,
    "receivedKBytesPerSec" : 0.0,
    "sentKBytesPerSec" : 0.0
  },
  "JoinServer" : {
    "transaction" : "JoinServer",
    "sampleCount" : 40000,
    "errorCount" : 8542,
    "errorPct" : 21.355,
    "meanResTime" : 8522.464999999984,
    "medianResTime" : 15781.0,
    "minResTime" : 72.0,
    "maxResTime" : 21339.0,
    "pct1ResTime" : 21052.0,
    "pct2ResTime" : 21069.0,
    "pct3ResTime" : 21143.0,
    "throughput" : 975.7525491535347,
    "receivedKBytesPerSec" : 0.0,
    "sentKBytesPerSec" : 0.0
  }
}