{
  "JoinRoom&Wait" : {
    "transaction" : "JoinRoom&Wait",
    "sampleCount" : 480,
    "errorCount" : 0,
    "errorPct" : 0.0,
    "meanResTime" : 60034.72708333332,
    "medianResTime" : 60028.0,
    "minResTime" : 60026.0,
    "maxResTime" : 60142.0,
    "pct1ResTime" : 60042.9,
    "pct2ResTime" : 60084.0,
    "pct3ResTime" : 60125.38,
    "throughput" : 7.870142646335465,
    "receivedKBytesPerSec" : 0.0,
    "sentKBytesPerSec" : 0.0
  },
  "Total" : {
    "transaction" : "Total",
    "sampleCount" : 37802,
    "errorCount" : 1312,
    "errorPct" : 3.4707158,
    "meanResTime" : 2104.3358552457544,
    "medianResTime" : 300.0,
    "minResTime" : 26.0,
    "maxResTime" : 60142.0,
    "pct1ResTime" : 3320.0,
    "pct2ResTime" : 21047.95,
    "pct3ResTime" : 60029.0,
    "throughput" : 312.17844431047723,
    "receivedKBytesPerSec" : 0.0,
    "sentKBytesPerSec" : 0.0
  },
  "JoinRoom" : {
    "transaction" : "JoinRoom",
    "sampleCount" : 36842,
    "errorCount" : 1312,
    "errorPct" : 3.561153,
    "meanResTime" : 1217.6673090494544,
    "medianResTime" : 297.0,
    "minResTime" : 26.0,
    "maxResTime" : 21120.0,
    "pct1ResTime" : 1442.0,
    "pct2ResTime" : 21036.0,
    "pct3ResTime" : 21055.0,
    "throughput" : 331.93383306905,
    "receivedKBytesPerSec" : 0.0,
    "sentKBytesPerSec" : 0.0
  },
  "CreateRoom" : {
    "transaction" : "CreateRoom",
    "sampleCount" : 480,
    "errorCount" : 0,
    "errorPct" : 0.0,
    "meanResTime" : 12229.450000000003,
    "medianResTime" : 12155.0,
    "minResTime" : 12026.0,
    "maxResTime" : 12651.0,
    "pct1ResTime" : 12542.9,
    "pct2ResTime" : 12589.9,
    "pct3ResTime" : 12628.57,
    "throughput" : 36.97427206901864,
    "receivedKBytesPerSec" : 0.0,
    "sentKBytesPerSec" : 0.0
  }
}