{
  "Total" : {
    "transaction" : "Total",
    "sampleCount" : 17958,
    "errorCount" : 9841,
    "errorPct" : 54.80009,
    "meanResTime" : 3068.288283773255,
    "medianResTime" : 2157.0,
    "minResTime" : 27.0,
    "maxResTime" : 62650.0,
    "pct1ResTime" : 2213.0,
    "pct2ResTime" : 2762.0,
    "pct3ResTime" : 61510.82,
    "throughput" : 248.45047039291643,
    "receivedKBytesPerSec" : 0.0,
    "sentKBytesPerSec" : 0.0
  },
  "JoinRoom" : {
    "transaction" : "JoinRoom",
    "sampleCount" : 17158,
    "errorCount" : 9841,
    "errorPct" : 57.35517,
    "meanResTime" : 1394.7140692388375,
    "medianResTime" : 2155.0,
    "minResTime" : 27.0,
    "maxResTime" : 9661.0,
    "pct1ResTime" : 2194.0,
    "pct2ResTime" : 2221.0,
    "pct3ResTime" : 2733.0,
    "throughput" : 275.86983085728986,
    "receivedKBytesPerSec" : 0.0,
    "sentKBytesPerSec" : 0.0
  },
  "CreateRoom" : {
    "transaction" : "CreateRoom",
    "sampleCount" : 400,
    "errorCount" : 0,
    "errorPct" : 0.0,
    "meanResTime" : 16475.697499999995,
    "medianResTime" : 16453.5,
    "minResTime" : 15822.0,
    "maxResTime" : 17113.0,
    "pct1ResTime" : 16983.8,
    "pct2ResTime" : 17045.75,
    "pct3ResTime" : 17085.0,
    "throughput" : 23.36858094292224,
    "receivedKBytesPerSec" : 0.0,
    "sentKBytesPerSec" : 0.0
  },
  "JoinRoom&Wait60sec" : {
    "transaction" : "JoinRoom&Wait60sec",
    "sampleCount" : 400,
    "errorCount" : 0,
    "errorPct" : 0.0,
    "meanResTime" : 61448.84499999996,
    "medianResTime" : 61451.0,
    "minResTime" : 60827.0,
    "maxResTime" : 62650.0,
    "pct1ResTime" : 61931.1,
    "pct2ResTime" : 61991.7,
    "pct3ResTime" : 62039.97,
    "throughput" : 6.366486813414188,
    "receivedKBytesPerSec" : 0.0,
    "sentKBytesPerSec" : 0.0
  }
}