{
  "Total" : {
    "transaction" : "Total",
    "sampleCount" : 1683,
    "errorCount" : 0,
    "errorPct" : 0.0,
    "meanResTime" : 61043.722519310664,
    "medianResTime" : 61012.0,
    "minResTime" : 59736.0,
    "maxResTime" : 64679.0,
    "pct1ResTime" : 61684.6,
    "pct2ResTime" : 61799.8,
    "pct3ResTime" : 64209.96,
    "throughput" : 25.860479409956977,
    "receivedKBytesPerSec" : 0.0,
    "sentKBytesPerSec" : 0.0
  },
  "UserType3" : {
    "transaction" : "UserType3",
    "sampleCount" : 660,
    "errorCount" : 0,
    "errorPct" : 0.0,
    "meanResTime" : 61116.80303030304,
    "medianResTime" : 61115.5,
    "minResTime" : 60393.0,
    "maxResTime" : 62041.0,
    "pct1ResTime" : 61644.6,
    "pct2ResTime" : 61711.95,
    "pct3ResTime" : 61912.34,
    "throughput" : 10.626821453298339,
    "receivedKBytesPerSec" : 0.0,
    "sentKBytesPerSec" : 0.0
  },
  "UserType4" : {
    "transaction" : "UserType4",
    "sampleCount" : 330,
    "errorCount" : 0,
    "errorPct" : 0.0,
    "meanResTime" : 60253.31818181817,
    "medianResTime" : 60254.5,
    "minResTime" : 59736.0,
    "maxResTime" : 60955.0,
    "pct1ResTime" : 60650.9,
    "pct2ResTime" : 60702.8,
    "pct3ResTime" : 60876.63,
    "throughput" : 5.405228329948241,
    "receivedKBytesPerSec" : 0.0,
    "sentKBytesPerSec" : 0.0
  },
  "UserType1" : {
    "transaction" : "UserType1",
    "sampleCount" : 33,
    "errorCount" : 0,
    "errorPct" : 0.0,
    "meanResTime" : 64285.42424242423,
    "medianResTime" : 64205.0,
    "minResTime" : 64092.0,
    "maxResTime" : 64679.0,
    "pct1ResTime" : 64613.6,
    "pct2ResTime" : 64661.5,
    "pct3ResTime" : 64679.0,
    "throughput" : 0.5070682237246467,
    "receivedKBytesPerSec" : 0.0,
    "sentKBytesPerSec" : 0.0
  },
  "UserType2" : {
    "transaction" : "UserType2",
    "sampleCount" : 660,
    "errorCount" : 0,
    "errorPct" : 0.0,
    "meanResTime" : 61203.7590909091,
    "medianResTime" : 61205.0,
    "minResTime" : 60489.0,
    "maxResTime" : 62106.0,
    "pct1ResTime" : 61732.0,
    "pct2ResTime" : 61799.95,
    "pct3ResTime" : 61983.19,
    "throughput" : 10.61588200286307,
    "receivedKBytesPerSec" : 0.0,
    "sentKBytesPerSec" : 0.0
  }
}