{
  "Total" : {
    "transaction" : "Total",
    "sampleCount" : 20400,
    "errorCount" : 3,
    "errorPct" : 0.014705882,
    "meanResTime" : 1187.06049019608,
    "medianResTime" : 124.0,
    "minResTime" : 26.0,
    "maxResTime" : 60066.0,
    "pct1ResTime" : 1066.0,
    "pct2ResTime" : 3182.9000000000015,
    "pct3ResTime" : 59636.28000006238,
    "throughput" : 288.62887137622204,
    "receivedKBytesPerSec" : 0.0,
    "sentKBytesPerSec" : 0.0
  },
  "JoinRoom" : {
    "transaction" : "JoinRoom",
    "sampleCount" : 20000,
    "errorCount" : 3,
    "errorPct" : 0.015,
    "meanResTime" : 480.5638499999994,
    "medianResTime" : 123.0,
    "minResTime" : 26.0,
    "maxResTime" : 21054.0,
    "pct1ResTime" : 1031.0,
    "pct2ResTime" : 3049.0,
    "pct3ResTime" : 7097.0,
    "throughput" : 329.85882042485815,
    "receivedKBytesPerSec" : 0.0,
    "sentKBytesPerSec" : 0.0
  },
  "CreateRoom" : {
    "transaction" : "CreateRoom",
    "sampleCount" : 200,
    "errorCount" : 0,
    "errorPct" : 0.0,
    "meanResTime" : 12994.68000000001,
    "medianResTime" : 12998.0,
    "minResTime" : 12510.0,
    "maxResTime" : 13500.0,
    "pct1ResTime" : 13411.4,
    "pct2ResTime" : 13448.75,
    "pct3ResTime" : 13499.95,
    "throughput" : 14.812620352540366,
    "receivedKBytesPerSec" : 0.0,
    "sentKBytesPerSec" : 0.0
  },
  "JoinRoom&Wait60sec" : {
    "transaction" : "JoinRoom&Wait60sec",
    "sampleCount" : 200,
    "errorCount" : 0,
    "errorPct" : 0.0,
    "meanResTime" : 60029.104999999996,
    "medianResTime" : 60028.0,
    "minResTime" : 60026.0,
    "maxResTime" : 60066.0,
    "pct1ResTime" : 60031.0,
    "pct2ResTime" : 60037.9,
    "pct3ResTime" : 60055.94,
    "throughput" : 3.276701017415666,
    "receivedKBytesPerSec" : 0.0,
    "sentKBytesPerSec" : 0.0
  }
}