{
  "Total" : {
    "transaction" : "Total",
    "sampleCount" : 10000,
    "errorCount" : 10000,
    "errorPct" : 100.0,
    "meanResTime" : 11455.15489999999,
    "medianResTime" : 12271.0,
    "minResTime" : 1036.0,
    "maxResTime" : 14553.0,
    "pct1ResTime" : 13342.0,
    "pct2ResTime" : 13681.749999999995,
    "pct3ResTime" : 14155.0,
    "throughput" : 678.1500067815001,
    "receivedKBytesPerSec" : 0.0,
    "sentKBytesPerSec" : 0.0
  },
  "JoinServer" : {
    "transaction" : "JoinServer",
    "sampleCount" : 10000,
    "errorCount" : 10000,
    "errorPct" : 100.0,
    "meanResTime" : 11455.15489999999,
    "medianResTime" : 12271.0,
    "minResTime" : 1036.0,
    "maxResTime" : 14553.0,
    "pct1ResTime" : 13342.0,
    "pct2ResTime" : 13681.749999999995,
    "pct3ResTime" : 14155.0,
    "throughput" : 678.1500067815001,
    "receivedKBytesPerSec" : 0.0,
    "sentKBytesPerSec" : 0.0
  }
}