{
  "Total" : {
    "transaction" : "Total",
    "sampleCount" : 3060,
    "errorCount" : 2448,
    "errorPct" : 80.0,
    "meanResTime" : 37709.81111111117,
    "medianResTime" : 40490.5,
    "minResTime" : 22590.0,
    "maxResTime" : 64617.0,
    "pct1ResTime" : 61059.6,
    "pct2ResTime" : 61439.0,
    "pct3ResTime" : 61784.51,
    "throughput" : 47.01833100290408,
    "receivedKBytesPerSec" : 0.0,
    "sentKBytesPerSec" : 0.0
  },
  "UserType3" : {
    "transaction" : "UserType3",
    "sampleCount" : 1200,
    "errorCount" : 960,
    "errorPct" : 80.0,
    "meanResTime" : 37667.26666666667,
    "medianResTime" : 40458.0,
    "minResTime" : 22663.0,
    "maxResTime" : 61982.0,
    "pct1ResTime" : 61146.3,
    "pct2ResTime" : 61438.9,
    "pct3ResTime" : 61679.97,
    "throughput" : 19.342359767891683,
    "receivedKBytesPerSec" : 0.0,
    "sentKBytesPerSec" : 0.0
  },
  "UserType4" : {
    "transaction" : "UserType4",
    "sampleCount" : 600,
    "errorCount" : 480,
    "errorPct" : 80.0,
    "meanResTime" : 37382.90666666666,
    "medianResTime" : 40366.0,
    "minResTime" : 22590.0,
    "maxResTime" : 60825.0,
    "pct1ResTime" : 60059.0,
    "pct2ResTime" : 60329.299999999996,
    "pct3ResTime" : 60555.98,
    "throughput" : 9.845426799251747,
    "receivedKBytesPerSec" : 0.0,
    "sentKBytesPerSec" : 0.0
  },
  "UserType1" : {
    "transaction" : "UserType1",
    "sampleCount" : 60,
    "errorCount" : 48,
    "errorPct" : 80.0,
    "meanResTime" : 40400.950000000004,
    "medianResTime" : 41684.5,
    "minResTime" : 27086.0,
    "maxResTime" : 64617.0,
    "pct1ResTime" : 64311.8,
    "pct2ResTime" : 64512.6,
    "pct3ResTime" : 64617.0,
    "throughput" : 0.921928058880472,
    "receivedKBytesPerSec" : 0.0,
    "sentKBytesPerSec" : 0.0
  },
  "UserType2" : {
    "transaction" : "UserType2",
    "sampleCount" : 1200,
    "errorCount" : 960,
    "errorPct" : 80.0,
    "meanResTime" : 37781.250833333295,
    "medianResTime" : 40580.0,
    "minResTime" : 22764.0,
    "maxResTime" : 62086.0,
    "pct1ResTime" : 61256.2,
    "pct2ResTime" : 61549.55,
    "pct3ResTime" : 61789.91,
    "throughput" : 19.308746862328633,
    "receivedKBytesPerSec" : 0.0,
    "sentKBytesPerSec" : 0.0
  }
}