{
  "Total" : {
    "transaction" : "Total",
    "sampleCount" : 20400,
    "errorCount" : 0,
    "errorPct" : 0.0,
    "meanResTime" : 892.5663235294112,
    "medianResTime" : 108.0,
    "minResTime" : 26.0,
    "maxResTime" : 60053.0,
    "pct1ResTime" : 333.8000000000029,
    "pct2ResTime" : 1103.9500000000007,
    "pct3ResTime" : 59561.71000007416,
    "throughput" : 308.85225053367856,
    "receivedKBytesPerSec" : 0.0,
    "sentKBytesPerSec" : 0.0
  },
  "JoinRoom" : {
    "transaction" : "JoinRoom",
    "sampleCount" : 20000,
    "errorCount" : 0,
    "errorPct" : 0.0,
    "meanResTime" : 178.30289999999997,
    "medianResTime" : 105.0,
    "minResTime" : 26.0,
    "maxResTime" : 7052.0,
    "pct1ResTime" : 237.0,
    "pct2ResTime" : 1043.0,
    "pct3ResTime" : 1338.0,
    "throughput" : 775.7049218477291,
    "receivedKBytesPerSec" : 0.0,
    "sentKBytesPerSec" : 0.0
  },
  "CreateRoom" : {
    "transaction" : "CreateRoom",
    "sampleCount" : 200,
    "errorCount" : 0,
    "errorPct" : 0.0,
    "meanResTime" : 13182.985000000002,
    "medianResTime" : 13163.5,
    "minResTime" : 12707.0,
    "maxResTime" : 13696.0,
    "pct1ResTime" : 13598.6,
    "pct2ResTime" : 13654.7,
    "pct3ResTime" : 13689.99,
    "throughput" : 14.602803738317757,
    "receivedKBytesPerSec" : 0.0,
    "sentKBytesPerSec" : 0.0
  },
  "JoinRoom&Wait60sec" : {
    "transaction" : "JoinRoom&Wait60sec",
    "sampleCount" : 200,
    "errorCount" : 0,
    "errorPct" : 0.0,
    "meanResTime" : 60028.49,
    "medianResTime" : 60028.0,
    "minResTime" : 60025.0,
    "maxResTime" : 60053.0,
    "pct1ResTime" : 60031.0,
    "pct2ResTime" : 60032.95,
    "pct3ResTime" : 60047.96,
    "throughput" : 3.277291646183594,
    "receivedKBytesPerSec" : 0.0,
    "sentKBytesPerSec" : 0.0
  }
}