{
  "JoinServer3" : {
    "transaction" : "JoinServer3",
    "sampleCount" : 6500,
    "errorCount" : 66,
    "errorPct" : 1.0153847,
    "meanResTime" : 2850.533538461549,
    "medianResTime" : 1624.0,
    "minResTime" : 26.0,
    "maxResTime" : 21042.0,
    "pct1ResTime" : 7663.0,
    "pct2ResTime" : 11861.449999999997,
    "pct3ResTime" : 15089.99,
    "throughput" : 282.8792758290539,
    "receivedKBytesPerSec" : 0.0,
    "sentKBytesPerSec" : 0.0
  },
  "JoinServer1" : {
    "transaction" : "JoinServer1",
    "sampleCount" : 6500,
    "errorCount" : 0,
    "errorPct" : 0.0,
    "meanResTime" : 7506.5120000000115,
    "medianResTime" : 5332.0,
    "minResTime" : 3565.0,
    "maxResTime" : 21377.0,
    "pct1ResTime" : 18835.9,
    "pct2ResTime" : 19097.0,
    "pct3ResTime" : 19305.989999999998,
    "throughput" : 300.1200480192077,
    "receivedKBytesPerSec" : 0.0,
    "sentKBytesPerSec" : 0.0
  },
  "Total" : {
    "transaction" : "Total",
    "sampleCount" : 19500,
    "errorCount" : 381,
    "errorPct" : 1.9538461,
    "meanResTime" : 5158.8396923076825,
    "medianResTime" : 3647.0,
    "minResTime" : 26.0,
    "maxResTime" : 22469.0,
    "pct1ResTime" : 15046.0,
    "pct2ResTime" : 18830.95,
    "pct3ResTime" : 21184.0,
    "throughput" : 675.4650316948977,
    "receivedKBytesPerSec" : 0.0,
    "sentKBytesPerSec" : 0.0
  },
  "JoinServer2" : {
    "transaction" : "JoinServer2",
    "sampleCount" : 6500,
    "errorCount" : 315,
    "errorPct" : 4.8461537,
    "meanResTime" : 5119.473538461539,
    "medianResTime" : 1941.0,
    "minResTime" : 322.0,
    "maxResTime" : 22469.0,
    "pct1ResTime" : 15504.900000000001,
    "pct2ResTime" : 16925.0,
    "pct3ResTime" : 22358.949999999997,
    "throughput" : 276.6781594517516,
    "receivedKBytesPerSec" : 0.0,
    "sentKBytesPerSec" : 0.0
  }
}