{
  "JoinRoom&Wait" : {
    "transaction" : "JoinRoom&Wait",
    "sampleCount" : 1000,
    "errorCount" : 0,
    "errorPct" : 0.0,
    "meanResTime" : 60044.99199999996,
    "medianResTime" : 60030.0,
    "minResTime" : 60026.0,
    "maxResTime" : 60190.0,
    "pct1ResTime" : 60083.0,
    "pct2ResTime" : 60133.85,
    "pct3ResTime" : 60180.0,
    "throughput" : 16.38350508707833,
    "receivedKBytesPerSec" : 0.0,
    "sentKBytesPerSec" : 0.0
  },
  "Total" : {
    "transaction" : "Total",
    "sampleCount" : 42806,
    "errorCount" : 3592,
    "errorPct" : 8.391347,
    "meanResTime" : 4394.032565528187,
    "medianResTime" : 1034.0,
    "minResTime" : 26.0,
    "maxResTime" : 60190.0,
    "pct1ResTime" : 21046.0,
    "pct2ResTime" : 58079.20000002833,
    "pct3ResTime" : 60051.0,
    "throughput" : 294.8193451520035,
    "receivedKBytesPerSec" : 0.0,
    "sentKBytesPerSec" : 0.0
  },
  "JoinRoom" : {
    "transaction" : "JoinRoom",
    "sampleCount" : 40806,
    "errorCount" : 3592,
    "errorPct" : 8.802627,
    "meanResTime" : 2833.8955790815094,
    "medianResTime" : 659.0,
    "minResTime" : 26.0,
    "maxResTime" : 21090.0,
    "pct1ResTime" : 21039.0,
    "pct2ResTime" : 21046.0,
    "pct3ResTime" : 21056.0,
    "throughput" : 302.2689056955977,
    "receivedKBytesPerSec" : 0.0,
    "sentKBytesPerSec" : 0.0
  },
  "CreateRoom" : {
    "transaction" : "CreateRoom",
    "sampleCount" : 1000,
    "errorCount" : 0,
    "errorPct" : 0.0,
    "meanResTime" : 12406.023000000007,
    "medianResTime" : 12311.0,
    "minResTime" : 12113.0,
    "maxResTime" : 13716.0,
    "pct1ResTime" : 12716.8,
    "pct2ResTime" : 12772.0,
    "pct3ResTime" : 13277.390000000001,
    "throughput" : 72.03572972194208,
    "receivedKBytesPerSec" : 0.0,
    "sentKBytesPerSec" : 0.0
  }
}