{
  "Total" : {
    "transaction" : "Total",
    "sampleCount" : 50000,
    "errorCount" : 18266,
    "errorPct" : 36.532,
    "meanResTime" : 13900.467479999992,
    "medianResTime" : 26700.5,
    "minResTime" : 431.0,
    "maxResTime" : 40435.0,
    "pct1ResTime" : 30949.0,
    "pct2ResTime" : 31416.0,
    "pct3ResTime" : 32715.99,
    "throughput" : 1178.3559577677224,
    "receivedKBytesPerSec" : 0.0,
    "sentKBytesPerSec" : 0.0
  },
  "JoinServer" : {
    "transaction" : "JoinServer",
    "sampleCount" : 50000,
    "errorCount" : 18266,
    "errorPct" : 36.532,
    "meanResTime" : 13900.467479999992,
    "medianResTime" : 26700.5,
    "minResTime" : 431.0,
    "maxResTime" : 40435.0,
    "pct1ResTime" : 30949.0,
    "pct2ResTime" : 31416.0,
    "pct3ResTime" : 32715.99,
    "throughput" : 1178.3559577677224,
    "receivedKBytesPerSec" : 0.0,
    "sentKBytesPerSec" : 0.0
  }
}