{
  "Total" : {
    "transaction" : "Total",
    "sampleCount" : 40400,
    "errorCount" : 21,
    "errorPct" : 0.051980197,
    "meanResTime" : 478.7032673267319,
    "medianResTime" : 120.0,
    "minResTime" : 26.0,
    "maxResTime" : 30067.0,
    "pct1ResTime" : 215.0,
    "pct2ResTime" : 483.0,
    "pct3ResTime" : 1161.9900000000016,
    "throughput" : 578.7965616045844,
    "receivedKBytesPerSec" : 0.0,
    "sentKBytesPerSec" : 0.0
  },
  "JoinRoom" : {
    "transaction" : "JoinRoom",
    "sampleCount" : 40000,
    "errorCount" : 21,
    "errorPct" : 0.0525,
    "meanResTime" : 266.88327500000156,
    "medianResTime" : 120.0,
    "minResTime" : 26.0,
    "maxResTime" : 21071.0,
    "pct1ResTime" : 215.0,
    "pct2ResTime" : 483.0,
    "pct3ResTime" : 1161.9900000000016,
    "throughput" : 669.4560669456066,
    "receivedKBytesPerSec" : 0.0,
    "sentKBytesPerSec" : 0.0
  },
  "CreateRoom" : {
    "transaction" : "CreateRoom",
    "sampleCount" : 200,
    "errorCount" : 0,
    "errorPct" : 0.0,
    "meanResTime" : 13290.605,
    "medianResTime" : 13275.5,
    "minResTime" : 12812.0,
    "maxResTime" : 13801.0,
    "pct1ResTime" : 13710.0,
    "pct2ResTime" : 13765.75,
    "pct3ResTime" : 13799.93,
    "throughput" : 14.488554042306577,
    "receivedKBytesPerSec" : 0.0,
    "sentKBytesPerSec" : 0.0
  },
  "JoinRoom&Wait30sec" : {
    "transaction" : "JoinRoom&Wait30sec",
    "sampleCount" : 200,
    "errorCount" : 0,
    "errorPct" : 0.0,
    "meanResTime" : 30030.79999999999,
    "medianResTime" : 30028.0,
    "minResTime" : 30026.0,
    "maxResTime" : 30067.0,
    "pct1ResTime" : 30038.9,
    "pct2ResTime" : 30046.95,
    "pct3ResTime" : 30062.94,
    "throughput" : 6.445167735490316,
    "receivedKBytesPerSec" : 0.0,
    "sentKBytesPerSec" : 0.0
  }
}