{
  "Total" : {
    "transaction" : "Total",
    "sampleCount" : 2550,
    "errorCount" : 909,
    "errorPct" : 35.64706,
    "meanResTime" : 46352.986274509705,
    "medianResTime" : 60714.5,
    "minResTime" : 18855.0,
    "maxResTime" : 64752.0,
    "pct1ResTime" : 61560.8,
    "pct2ResTime" : 61662.0,
    "pct3ResTime" : 64160.979999999996,
    "throughput" : 39.14885777450258,
    "receivedKBytesPerSec" : 0.0,
    "sentKBytesPerSec" : 0.0
  },
  "UserType3" : {
    "transaction" : "UserType3",
    "sampleCount" : 1000,
    "errorCount" : 360,
    "errorPct" : 36.0,
    "meanResTime" : 46245.09100000003,
    "medianResTime" : 60870.5,
    "minResTime" : 18855.0,
    "maxResTime" : 61918.0,
    "pct1ResTime" : 61512.7,
    "pct2ResTime" : 61589.95,
    "pct3ResTime" : 61748.81,
    "throughput" : 16.126431220770844,
    "receivedKBytesPerSec" : 0.0,
    "sentKBytesPerSec" : 0.0
  },
  "UserType4" : {
    "transaction" : "UserType4",
    "sampleCount" : 500,
    "errorCount" : 180,
    "errorPct" : 36.0,
    "meanResTime" : 45537.18400000001,
    "medianResTime" : 59816.5,
    "minResTime" : 18937.0,
    "maxResTime" : 60817.0,
    "pct1ResTime" : 60427.8,
    "pct2ResTime" : 60523.85,
    "pct3ResTime" : 60591.96,
    "throughput" : 8.21422704123542,
    "receivedKBytesPerSec" : 0.0,
    "sentKBytesPerSec" : 0.0
  },
  "UserType1" : {
    "transaction" : "UserType1",
    "sampleCount" : 50,
    "errorCount" : 9,
    "errorPct" : 18.0,
    "meanResTime" : 56739.78,
    "medianResTime" : 64161.0,
    "minResTime" : 22212.0,
    "maxResTime" : 64752.0,
    "pct1ResTime" : 64592.0,
    "pct2ResTime" : 64638.25,
    "pct3ResTime" : 64752.0,
    "throughput" : 0.7676246622451487,
    "receivedKBytesPerSec" : 0.0,
    "sentKBytesPerSec" : 0.0
  },
  "UserType2" : {
    "transaction" : "UserType2",
    "sampleCount" : 1000,
    "errorCount" : 360,
    "errorPct" : 36.0,
    "meanResTime" : 46349.44299999996,
    "medianResTime" : 60994.0,
    "minResTime" : 19104.0,
    "maxResTime" : 61966.0,
    "pct1ResTime" : 61613.9,
    "pct2ResTime" : 61692.75,
    "pct3ResTime" : 61769.0,
    "throughput" : 16.120971772178425,
    "receivedKBytesPerSec" : 0.0,
    "sentKBytesPerSec" : 0.0
  }
}