{
  "JoinRoom&Wait" : {
    "transaction" : "JoinRoom&Wait",
    "sampleCount" : 480,
    "errorCount" : 0,
    "errorPct" : 0.0,
    "meanResTime" : 60211.89791666664,
    "medianResTime" : 60234.0,
    "minResTime" : 60030.0,
    "maxResTime" : 60378.0,
    "pct1ResTime" : 60363.0,
    "pct2ResTime" : 60368.0,
    "pct3ResTime" : 60376.0,
    "throughput" : 7.828171632663046,
    "receivedKBytesPerSec" : 0.0,
    "sentKBytesPerSec" : 0.0
  },
  "Total" : {
    "transaction" : "Total",
    "sampleCount" : 24218,
    "errorCount" : 1920,
    "errorPct" : 7.9279876,
    "meanResTime" : 3463.6854405813856,
    "medianResTime" : 314.0,
    "minResTime" : 38.0,
    "maxResTime" : 60378.0,
    "pct1ResTime" : 21032.0,
    "pct2ResTime" : 21053.0,
    "pct3ResTime" : 60247.0,
    "throughput" : 212.85684151314865,
    "receivedKBytesPerSec" : 0.0,
    "sentKBytesPerSec" : 0.0
  },
  "JoinRoom" : {
    "transaction" : "JoinRoom",
    "sampleCount" : 23258,
    "errorCount" : 1920,
    "errorPct" : 8.255224,
    "meanResTime" : 2152.7154097514826,
    "medianResTime" : 312.0,
    "minResTime" : 38.0,
    "maxResTime" : 21098.0,
    "pct1ResTime" : 3392.9000000000015,
    "pct2ResTime" : 21042.0,
    "pct3ResTime" : 21060.0,
    "throughput" : 214.00638577830122,
    "receivedKBytesPerSec" : 0.0,
    "sentKBytesPerSec" : 0.0
  },
  "CreateRoom" : {
    "transaction" : "CreateRoom",
    "sampleCount" : 480,
    "errorCount" : 0,
    "errorPct" : 0.0,
    "meanResTime" : 10237.433333333334,
    "medianResTime" : 10172.5,
    "minResTime" : 10025.0,
    "maxResTime" : 10642.0,
    "pct1ResTime" : 10556.0,
    "pct2ResTime" : 10605.85,
    "pct3ResTime" : 10637.19,
    "throughput" : 43.695949021392806,
    "receivedKBytesPerSec" : 0.0,
    "sentKBytesPerSec" : 0.0
  }
}