{
  "Total" : {
    "transaction" : "Total",
    "sampleCount" : 30000,
    "errorCount" : 3735,
    "errorPct" : 12.45,
    "meanResTime" : 8781.911466666665,
    "medianResTime" : 11906.0,
    "minResTime" : 28.0,
    "maxResTime" : 26016.0,
    "pct1ResTime" : 21064.0,
    "pct2ResTime" : 21118.0,
    "pct3ResTime" : 24282.840000000026,
    "throughput" : 956.846234810066,
    "receivedKBytesPerSec" : 0.0,
    "sentKBytesPerSec" : 0.0
  },
  "JoinServer" : {
    "transaction" : "JoinServer",
    "sampleCount" : 30000,
    "errorCount" : 3735,
    "errorPct" : 12.45,
    "meanResTime" : 8781.911466666665,
    "medianResTime" : 11906.0,
    "minResTime" : 28.0,
    "maxResTime" : 26016.0,
    "pct1ResTime" : 21064.0,
    "pct2ResTime" : 21118.0,
    "pct3ResTime" : 24282.840000000026,
    "throughput" : 956.846234810066,
    "receivedKBytesPerSec" : 0.0,
    "sentKBytesPerSec" : 0.0
  }
}