{
  "Total" : {
    "transaction" : "Total",
    "sampleCount" : 30000,
    "errorCount" : 4042,
    "errorPct" : 13.473333,
    "meanResTime" : 9110.162933333288,
    "medianResTime" : 15123.5,
    "minResTime" : 699.0,
    "maxResTime" : 27316.0,
    "pct1ResTime" : 21132.0,
    "pct2ResTime" : 21436.95,
    "pct3ResTime" : 26662.99,
    "throughput" : 976.1811792268645,
    "receivedKBytesPerSec" : 0.0,
    "sentKBytesPerSec" : 0.0
  },
  "JoinServer" : {
    "transaction" : "JoinServer",
    "sampleCount" : 30000,
    "errorCount" : 4042,
    "errorPct" : 13.473333,
    "meanResTime" : 9110.162933333288,
    "medianResTime" : 15123.5,
    "minResTime" : 699.0,
    "maxResTime" : 27316.0,
    "pct1ResTime" : 21132.0,
    "pct2ResTime" : 21436.95,
    "pct3ResTime" : 26662.99,
    "throughput" : 976.1811792268645,
    "receivedKBytesPerSec" : 0.0,
    "sentKBytesPerSec" : 0.0
  }
}