{
  "Total" : {
    "transaction" : "Total",
    "sampleCount" : 20400,
    "errorCount" : 0,
    "errorPct" : 0.0,
    "meanResTime" : 1903.4818137254927,
    "medianResTime" : 109.0,
    "minResTime" : 26.0,
    "maxResTime" : 90078.0,
    "pct1ResTime" : 361.0,
    "pct2ResTime" : 3063.0,
    "pct3ResTime" : 89864.96000002594,
    "throughput" : 212.3429546897607,
    "receivedKBytesPerSec" : 0.0,
    "sentKBytesPerSec" : 0.0
  },
  "JoinRoom" : {
    "transaction" : "JoinRoom",
    "sampleCount" : 20000,
    "errorCount" : 0,
    "errorPct" : 0.0,
    "meanResTime" : 308.115500000004,
    "medianResTime" : 106.0,
    "minResTime" : 26.0,
    "maxResTime" : 15075.0,
    "pct1ResTime" : 225.0,
    "pct2ResTime" : 1086.9500000000007,
    "pct3ResTime" : 7044.990000000002,
    "throughput" : 580.0295815086569,
    "receivedKBytesPerSec" : 0.0,
    "sentKBytesPerSec" : 0.0
  },
  "CreateRoom" : {
    "transaction" : "CreateRoom",
    "sampleCount" : 200,
    "errorCount" : 0,
    "errorPct" : 0.0,
    "meanResTime" : 73306.00499999999,
    "medianResTime" : 73290.5,
    "minResTime" : 72836.0,
    "maxResTime" : 73823.0,
    "pct1ResTime" : 73734.7,
    "pct2ResTime" : 73785.75,
    "pct3ResTime" : 73822.98,
    "throughput" : 2.7091093802912294,
    "receivedKBytesPerSec" : 0.0,
    "sentKBytesPerSec" : 0.0
  },
  "JoinRoom&Wait30sec" : {
    "transaction" : "JoinRoom&Wait30sec",
    "sampleCount" : 200,
    "errorCount" : 0,
    "errorPct" : 0.0,
    "meanResTime" : 90037.59000000005,
    "medianResTime" : 90036.5,
    "minResTime" : 90027.0,
    "maxResTime" : 90078.0,
    "pct1ResTime" : 90045.0,
    "pct2ResTime" : 90053.85,
    "pct3ResTime" : 90064.96,
    "throughput" : 2.1967400377839286,
    "receivedKBytesPerSec" : 0.0,
    "sentKBytesPerSec" : 0.0
  }
}