{
  "Total" : {
    "transaction" : "Total",
    "sampleCount" : 40295,
    "errorCount" : 18,
    "errorPct" : 0.044670556,
    "meanResTime" : 468.4389378334765,
    "medianResTime" : 92.0,
    "minResTime" : 26.0,
    "maxResTime" : 30075.0,
    "pct1ResTime" : 172.0,
    "pct2ResTime" : 1045.0,
    "pct3ResTime" : 1332.9800000000032,
    "throughput" : 536.3941322116025,
    "receivedKBytesPerSec" : 0.0,
    "sentKBytesPerSec" : 0.0
  },
  "JoinRoom" : {
    "transaction" : "JoinRoom",
    "sampleCount" : 39895,
    "errorCount" : 18,
    "errorPct" : 0.045118436,
    "meanResTime" : 256.3483143251021,
    "medianResTime" : 92.0,
    "minResTime" : 26.0,
    "maxResTime" : 21061.0,
    "pct1ResTime" : 172.0,
    "pct2ResTime" : 1045.0,
    "pct3ResTime" : 1332.9800000000032,
    "throughput" : 613.0712727049206,
    "receivedKBytesPerSec" : 0.0,
    "sentKBytesPerSec" : 0.0
  },
  "CreateRoom" : {
    "transaction" : "CreateRoom",
    "sampleCount" : 200,
    "errorCount" : 0,
    "errorPct" : 0.0,
    "meanResTime" : 13212.629999999997,
    "medianResTime" : 13175.5,
    "minResTime" : 12669.0,
    "maxResTime" : 14542.0,
    "pct1ResTime" : 13644.7,
    "pct2ResTime" : 13891.7,
    "pct3ResTime" : 14502.630000000001,
    "throughput" : 13.675213675213675,
    "receivedKBytesPerSec" : 0.0,
    "sentKBytesPerSec" : 0.0
  },
  "JoinRoom&Wait30sec" : {
    "transaction" : "JoinRoom&Wait30sec",
    "sampleCount" : 200,
    "errorCount" : 0,
    "errorPct" : 0.0,
    "meanResTime" : 30031.02500000001,
    "medianResTime" : 30028.0,
    "minResTime" : 30026.0,
    "maxResTime" : 30075.0,
    "pct1ResTime" : 30040.9,
    "pct2ResTime" : 30051.9,
    "pct3ResTime" : 30070.99,
    "throughput" : 6.444544692917446,
    "receivedKBytesPerSec" : 0.0,
    "sentKBytesPerSec" : 0.0
  }
}