{
  "JoinServer3" : {
    "transaction" : "JoinServer3",
    "sampleCount" : 6500,
    "errorCount" : 0,
    "errorPct" : 0.0,
    "meanResTime" : 1945.928307692308,
    "medianResTime" : 1279.0,
    "minResTime" : 27.0,
    "maxResTime" : 15206.0,
    "pct1ResTime" : 6594.0,
    "pct2ResTime" : 7173.0,
    "pct3ResTime" : 12462.949999999933,
    "throughput" : 246.81044957472662,
    "receivedKBytesPerSec" : 0.0,
    "sentKBytesPerSec" : 0.0
  },
  "JoinServer1" : {
    "transaction" : "JoinServer1",
    "sampleCount" : 6500,
    "errorCount" : 9,
    "errorPct" : 0.13846155,
    "meanResTime" : 5879.306461538446,
    "medianResTime" : 3362.0,
    "minResTime" : 1259.0,
    "maxResTime" : 23458.0,
    "pct1ResTime" : 11528.900000000001,
    "pct2ResTime" : 17824.85,
    "pct3ResTime" : 18264.949999999997,
    "throughput" : 269.4747315617097,
    "receivedKBytesPerSec" : 0.0,
    "sentKBytesPerSec" : 0.0
  },
  "Total" : {
    "transaction" : "Total",
    "sampleCount" : 19500,
    "errorCount" : 26,
    "errorPct" : 0.13333334,
    "meanResTime" : 4429.62471794874,
    "medianResTime" : 2620.0,
    "minResTime" : 27.0,
    "maxResTime" : 23458.0,
    "pct1ResTime" : 14260.0,
    "pct2ResTime" : 15700.95,
    "pct3ResTime" : 18096.99,
    "throughput" : 645.9734322721702,
    "receivedKBytesPerSec" : 0.0,
    "sentKBytesPerSec" : 0.0
  },
  "JoinServer2" : {
    "transaction" : "JoinServer2",
    "sampleCount" : 6500,
    "errorCount" : 17,
    "errorPct" : 0.26153848,
    "meanResTime" : 5463.63938461539,
    "medianResTime" : 3470.0,
    "minResTime" : 27.0,
    "maxResTime" : 21061.0,
    "pct1ResTime" : 15569.900000000001,
    "pct2ResTime" : 15725.0,
    "pct3ResTime" : 15821.0,
    "throughput" : 237.7381953842215,
    "receivedKBytesPerSec" : 0.0,
    "sentKBytesPerSec" : 0.0
  }
}