{
  "JoinRoom&Wait" : {
    "transaction" : "JoinRoom&Wait",
    "sampleCount" : 700,
    "errorCount" : 0,
    "errorPct" : 0.0,
    "meanResTime" : 60035.41428571434,
    "medianResTime" : 60029.0,
    "minResTime" : 60025.0,
    "maxResTime" : 60123.0,
    "pct1ResTime" : 60045.9,
    "pct2ResTime" : 60084.95,
    "pct3ResTime" : 60109.99,
    "throughput" : 11.526808062178896,
    "receivedKBytesPerSec" : 0.0,
    "sentKBytesPerSec" : 0.0
  },
  "Total" : {
    "transaction" : "Total",
    "sampleCount" : 23823,
    "errorCount" : 3519,
    "errorPct" : 14.77144,
    "meanResTime" : 5583.493682575678,
    "medianResTime" : 555.0,
    "minResTime" : 27.0,
    "maxResTime" : 60123.0,
    "pct1ResTime" : 21047.0,
    "pct2ResTime" : 21061.0,
    "pct3ResTime" : 60033.0,
    "throughput" : 157.61581517208526,
    "receivedKBytesPerSec" : 0.0,
    "sentKBytesPerSec" : 0.0
  },
  "JoinRoom" : {
    "transaction" : "JoinRoom",
    "sampleCount" : 22673,
    "errorCount" : 3519,
    "errorPct" : 15.520663,
    "meanResTime" : 3769.7481586027343,
    "medianResTime" : 544.0,
    "minResTime" : 27.0,
    "maxResTime" : 21106.0,
    "pct1ResTime" : 21041.0,
    "pct2ResTime" : 21050.0,
    "pct3ResTime" : 21064.0,
    "throughput" : 160.76949258303316,
    "receivedKBytesPerSec" : 0.0,
    "sentKBytesPerSec" : 0.0
  },
  "CreateRoom" : {
    "transaction" : "CreateRoom",
    "sampleCount" : 450,
    "errorCount" : 0,
    "errorPct" : 0.0,
    "meanResTime" : 12265.06666666666,
    "medianResTime" : 12191.5,
    "minResTime" : 12059.0,
    "maxResTime" : 12688.0,
    "pct1ResTime" : 12549.7,
    "pct2ResTime" : 12592.9,
    "pct3ResTime" : 12645.96,
    "throughput" : 34.74366893143916,
    "receivedKBytesPerSec" : 0.0,
    "sentKBytesPerSec" : 0.0
  }
}