{
  "Total" : {
    "transaction" : "Total",
    "sampleCount" : 10600,
    "errorCount" : 0,
    "errorPct" : 0.0,
    "meanResTime" : 255.25877358490624,
    "medianResTime" : 139.0,
    "minResTime" : 125.0,
    "maxResTime" : 2385.0,
    "pct1ResTime" : 260.0,
    "pct2ResTime" : 1343.0,
    "pct3ResTime" : 2060.8899999999976,
    "throughput" : 539.632439036807,
    "receivedKBytesPerSec" : 0.0,
    "sentKBytesPerSec" : 0.0
  },
  "JoinRoom" : {
    "transaction" : "JoinRoom",
    "sampleCount" : 10000,
    "errorCount" : 0,
    "errorPct" : 0.0,
    "meanResTime" : 175.70200000000048,
    "medianResTime" : 139.0,
    "minResTime" : 125.0,
    "maxResTime" : 2385.0,
    "pct1ResTime" : 152.0,
    "pct2ResTime" : 245.0,
    "pct3ResTime" : 1373.9099999999544,
    "throughput" : 509.08720663849715,
    "receivedKBytesPerSec" : 0.0,
    "sentKBytesPerSec" : 0.0
  },
  "CreateRoom" : {
    "transaction" : "CreateRoom",
    "sampleCount" : 100,
    "errorCount" : 0,
    "errorPct" : 0.0,
    "meanResTime" : 1665.8299999999997,
    "medianResTime" : 1659.0,
    "minResTime" : 1265.0,
    "maxResTime" : 2324.0,
    "pct1ResTime" : 2150.6,
    "pct2ResTime" : 2213.7,
    "pct3ResTime" : 2323.2499999999995,
    "throughput" : 42.680324370465215,
    "receivedKBytesPerSec" : 0.0,
    "sentKBytesPerSec" : 0.0
  },
  "JoinServer" : {
    "transaction" : "JoinServer",
    "sampleCount" : 500,
    "errorCount" : 0,
    "errorPct" : 0.0,
    "meanResTime" : 1564.2800000000009,
    "medianResTime" : 1476.0,
    "minResTime" : 1251.0,
    "maxResTime" : 2280.0,
    "pct1ResTime" : 2117.7000000000003,
    "pct2ResTime" : 2215.45,
    "pct3ResTime" : 2260.98,
    "throughput" : 212.85653469561515,
    "receivedKBytesPerSec" : 0.0,
    "sentKBytesPerSec" : 0.0
  }
}