{
  "BaseLineTestFunction" : {
    "transaction" : "BaseLineTestFunction",
    "sampleCount" : 20000,
    "errorCount" : 3037,
    "errorPct" : 15.185,
    "meanResTime" : 62004.291100000235,
    "medianResTime" : 60092.0,
    "minResTime" : 53287.0,
    "maxResTime" : 75927.0,
    "pct1ResTime" : 73760.8,
    "pct2ResTime" : 74482.0,
    "pct3ResTime" : 75405.95000000001,
    "throughput" : 263.3692832404957,
    "receivedKBytesPerSec" : 0.0,
    "sentKBytesPerSec" : 0.0
  },
  "Total" : {
    "transaction" : "Total",
    "sampleCount" : 20000,
    "errorCount" : 3037,
    "errorPct" : 15.185,
    "meanResTime" : 62004.291100000235,
    "medianResTime" : 60092.0,
    "minResTime" : 53287.0,
    "maxResTime" : 75927.0,
    "pct1ResTime" : 73760.8,
    "pct2ResTime" : 74482.0,
    "pct3ResTime" : 75405.95000000001,
    "throughput" : 263.3692832404957,
    "receivedKBytesPerSec" : 0.0,
    "sentKBytesPerSec" : 0.0
  }
}