{
  "Total" : {
    "transaction" : "Total",
    "sampleCount" : 20800,
    "errorCount" : 2,
    "errorPct" : 0.009615385,
    "meanResTime" : 2212.57572115385,
    "medianResTime" : 227.0,
    "minResTime" : 26.0,
    "maxResTime" : 62639.0,
    "pct1ResTime" : 7048.0,
    "pct2ResTime" : 7362.0,
    "pct3ResTime" : 61235.990000000005,
    "throughput" : 306.9748221612208,
    "receivedKBytesPerSec" : 0.0,
    "sentKBytesPerSec" : 0.0
  },
  "JoinRoom" : {
    "transaction" : "JoinRoom",
    "sampleCount" : 20000,
    "errorCount" : 2,
    "errorPct" : 0.01,
    "meanResTime" : 751.0097000000004,
    "medianResTime" : 218.0,
    "minResTime" : 26.0,
    "maxResTime" : 21069.0,
    "pct1ResTime" : 1205.0,
    "pct2ResTime" : 7064.0,
    "pct3ResTime" : 7362.0,
    "throughput" : 402.03429352523773,
    "receivedKBytesPerSec" : 0.0,
    "sentKBytesPerSec" : 0.0
  },
  "CreateRoom" : {
    "transaction" : "CreateRoom",
    "sampleCount" : 400,
    "errorCount" : 0,
    "errorPct" : 0.0,
    "meanResTime" : 16276.510000000004,
    "medianResTime" : 16298.5,
    "minResTime" : 15584.0,
    "maxResTime" : 17569.0,
    "pct1ResTime" : 16766.4,
    "pct2ResTime" : 16828.8,
    "pct3ResTime" : 17042.75,
    "throughput" : 22.537750732476898,
    "receivedKBytesPerSec" : 0.0,
    "sentKBytesPerSec" : 0.0
  },
  "JoinRoom&Wait60sec" : {
    "transaction" : "JoinRoom&Wait60sec",
    "sampleCount" : 400,
    "errorCount" : 0,
    "errorPct" : 0.0,
    "meanResTime" : 61226.942499999976,
    "medianResTime" : 61235.5,
    "minResTime" : 60621.0,
    "maxResTime" : 62639.0,
    "pct1ResTime" : 61753.0,
    "pct2ResTime" : 61803.9,
    "pct3ResTime" : 61858.96,
    "throughput" : 6.378466297778699,
    "receivedKBytesPerSec" : 0.0,
    "sentKBytesPerSec" : 0.0
  }
}