{
  "Total" : {
    "transaction" : "Total",
    "sampleCount" : 29967,
    "errorCount" : 151,
    "errorPct" : 0.5038876,
    "meanResTime" : 710.7668768979177,
    "medianResTime" : 80.0,
    "minResTime" : 26.0,
    "maxResTime" : 30052.0,
    "pct1ResTime" : 1034.0,
    "pct2ResTime" : 3056.0,
    "pct3ResTime" : 29936.35000001435,
    "throughput" : 367.7158107859378,
    "receivedKBytesPerSec" : 0.0,
    "sentKBytesPerSec" : 0.0
  },
  "JoinRoom" : {
    "transaction" : "JoinRoom",
    "sampleCount" : 29567,
    "errorCount" : 151,
    "errorPct" : 0.5107045,
    "meanResTime" : 428.0125139513673,
    "medianResTime" : 78.0,
    "minResTime" : 26.0,
    "maxResTime" : 21061.0,
    "pct1ResTime" : 436.90000000000146,
    "pct2ResTime" : 3046.0,
    "pct3ResTime" : 15058.990000000002,
    "throughput" : 413.8601942834747,
    "receivedKBytesPerSec" : 0.0,
    "sentKBytesPerSec" : 0.0
  },
  "CreateRoom" : {
    "transaction" : "CreateRoom",
    "sampleCount" : 200,
    "errorCount" : 0,
    "errorPct" : 0.0,
    "meanResTime" : 13193.514999999998,
    "medianResTime" : 13158.5,
    "minResTime" : 12705.0,
    "maxResTime" : 13693.0,
    "pct1ResTime" : 13602.8,
    "pct2ResTime" : 13655.6,
    "pct3ResTime" : 13689.97,
    "throughput" : 14.603870025556773,
    "receivedKBytesPerSec" : 0.0,
    "sentKBytesPerSec" : 0.0
  },
  "JoinRoom&Wait30sec" : {
    "transaction" : "JoinRoom&Wait30sec",
    "sampleCount" : 200,
    "errorCount" : 0,
    "errorPct" : 0.0,
    "meanResTime" : 30029.01,
    "medianResTime" : 30028.0,
    "minResTime" : 30026.0,
    "maxResTime" : 30052.0,
    "pct1ResTime" : 30032.0,
    "pct2ResTime" : 30036.0,
    "pct3ResTime" : 30048.93,
    "throughput" : 6.445998646340284,
    "receivedKBytesPerSec" : 0.0,
    "sentKBytesPerSec" : 0.0
  }
}