{
  "JoinRoom&Wait" : {
    "transaction" : "JoinRoom&Wait",
    "sampleCount" : 700,
    "errorCount" : 0,
    "errorPct" : 0.0,
    "meanResTime" : 60092.12142857141,
    "medianResTime" : 60030.0,
    "minResTime" : 60027.0,
    "maxResTime" : 61115.0,
    "pct1ResTime" : 60079.0,
    "pct2ResTime" : 61032.0,
    "pct3ResTime" : 61044.99,
    "throughput" : 11.340991202631109,
    "receivedKBytesPerSec" : 0.0,
    "sentKBytesPerSec" : 0.0
  },
  "Total" : {
    "transaction" : "Total",
    "sampleCount" : 36362,
    "errorCount" : 259,
    "errorPct" : 0.71228206,
    "meanResTime" : 2225.770117155279,
    "medianResTime" : 445.0,
    "minResTime" : 26.0,
    "maxResTime" : 61115.0,
    "pct1ResTime" : 3062.9000000000015,
    "pct2ResTime" : 15067.95,
    "pct3ResTime" : 60036.990000000005,
    "throughput" : 245.19052467616535,
    "receivedKBytesPerSec" : 0.0,
    "sentKBytesPerSec" : 0.0
  },
  "JoinRoom" : {
    "transaction" : "JoinRoom",
    "sampleCount" : 34962,
    "errorCount" : 259,
    "errorPct" : 0.7408043,
    "meanResTime" : 862.4920199073296,
    "medianResTime" : 445.0,
    "minResTime" : 26.0,
    "maxResTime" : 21065.0,
    "pct1ResTime" : 1492.0,
    "pct2ResTime" : 3405.9500000000007,
    "pct3ResTime" : 21030.0,
    "throughput" : 253.047103442286,
    "receivedKBytesPerSec" : 0.0,
    "sentKBytesPerSec" : 0.0
  },
  "CreateRoom" : {
    "transaction" : "CreateRoom",
    "sampleCount" : 700,
    "errorCount" : 0,
    "errorPct" : 0.0,
    "meanResTime" : 12449.317142857135,
    "medianResTime" : 12429.5,
    "minResTime" : 12091.0,
    "maxResTime" : 13644.0,
    "pct1ResTime" : 12712.0,
    "pct2ResTime" : 12755.65,
    "pct3ResTime" : 13464.630000000001,
    "throughput" : 50.99067599067599,
    "receivedKBytesPerSec" : 0.0,
    "sentKBytesPerSec" : 0.0
  }
}