{
  "Total" : {
    "transaction" : "Total",
    "sampleCount" : 30000,
    "errorCount" : 3021,
    "errorPct" : 10.07,
    "meanResTime" : 13007.050600000004,
    "medianResTime" : 7840.5,
    "minResTime" : 105.0,
    "maxResTime" : 39156.0,
    "pct1ResTime" : 31721.9,
    "pct2ResTime" : 32817.95,
    "pct3ResTime" : 38471.98,
    "throughput" : 711.7606586158628,
    "receivedKBytesPerSec" : 0.0,
    "sentKBytesPerSec" : 0.0
  },
  "JoinServer" : {
    "transaction" : "JoinServer",
    "sampleCount" : 30000,
    "errorCount" : 3021,
    "errorPct" : 10.07,
    "meanResTime" : 13007.050600000004,
    "medianResTime" : 7840.5,
    "minResTime" : 105.0,
    "maxResTime" : 39156.0,
    "pct1ResTime" : 31721.9,
    "pct2ResTime" : 32817.95,
    "pct3ResTime" : 38471.98,
    "throughput" : 711.7606586158628,
    "receivedKBytesPerSec" : 0.0,
    "sentKBytesPerSec" : 0.0
  }
}