{
  "Total" : {
    "transaction" : "Total",
    "sampleCount" : 1500,
    "errorCount" : 0,
    "errorPct" : 0.0,
    "meanResTime" : 18966.278666666683,
    "medianResTime" : 18884.5,
    "minResTime" : 18488.0,
    "maxResTime" : 19856.0,
    "pct1ResTime" : 19381.0,
    "pct2ResTime" : 19504.95,
    "pct3ResTime" : 19670.99,
    "throughput" : 75.41098989492735,
    "receivedKBytesPerSec" : 0.0,
    "sentKBytesPerSec" : 0.0
  },
  "CreateRoom" : {
    "transaction" : "CreateRoom",
    "sampleCount" : 1500,
    "errorCount" : 0,
    "errorPct" : 0.0,
    "meanResTime" : 18966.278666666683,
    "medianResTime" : 18884.5,
    "minResTime" : 18488.0,
    "maxResTime" : 19856.0,
    "pct1ResTime" : 19381.0,
    "pct2ResTime" : 19504.95,
    "pct3ResTime" : 19670.99,
    "throughput" : 75.41098989492735,
    "receivedKBytesPerSec" : 0.0,
    "sentKBytesPerSec" : 0.0
  }
}