{
  "Total" : {
    "transaction" : "Total",
    "sampleCount" : 17307,
    "errorCount" : 5,
    "errorPct" : 0.028890045,
    "meanResTime" : 2509.4107008724804,
    "medianResTime" : 45.0,
    "minResTime" : 26.0,
    "maxResTime" : 63219.0,
    "pct1ResTime" : 111.0,
    "pct2ResTime" : 17416.199999999997,
    "pct3ResTime" : 62801.92,
    "throughput" : 226.00190652789928,
    "receivedKBytesPerSec" : 0.0,
    "sentKBytesPerSec" : 0.0
  },
  "JoinRoom" : {
    "transaction" : "JoinRoom",
    "sampleCount" : 16307,
    "errorCount" : 5,
    "errorPct" : 0.03066168,
    "meanResTime" : 202.18544183479545,
    "medianResTime" : 44.0,
    "minResTime" : 26.0,
    "maxResTime" : 21045.0,
    "pct1ResTime" : 62.0,
    "pct2ResTime" : 83.0,
    "pct3ResTime" : 7057.0,
    "throughput" : 245.33241059742136,
    "receivedKBytesPerSec" : 0.0,
    "sentKBytesPerSec" : 0.0
  },
  "CreateRoom" : {
    "transaction" : "CreateRoom",
    "sampleCount" : 500,
    "errorCount" : 0,
    "errorPct" : 0.0,
    "meanResTime" : 17613.838000000007,
    "medianResTime" : 17593.0,
    "minResTime" : 17084.0,
    "maxResTime" : 18159.0,
    "pct1ResTime" : 18051.9,
    "pct2ResTime" : 18100.0,
    "pct3ResTime" : 18144.96,
    "throughput" : 27.5178866263071,
    "receivedKBytesPerSec" : 0.0,
    "sentKBytesPerSec" : 0.0
  },
  "JoinRoom&Wait60sec" : {
    "transaction" : "JoinRoom&Wait60sec",
    "sampleCount" : 500,
    "errorCount" : 0,
    "errorPct" : 0.0,
    "meanResTime" : 62652.82800000004,
    "medianResTime" : 62672.5,
    "minResTime" : 62097.0,
    "maxResTime" : 63219.0,
    "pct1ResTime" : 63061.0,
    "pct2ResTime" : 63124.0,
    "pct3ResTime" : 63203.97,
    "throughput" : 7.906763445451239,
    "receivedKBytesPerSec" : 0.0,
    "sentKBytesPerSec" : 0.0
  }
}