{
  "JoinServer3" : {
    "transaction" : "JoinServer3",
    "sampleCount" : 6500,
    "errorCount" : 14,
    "errorPct" : 0.21538462,
    "meanResTime" : 1647.0887692307672,
    "medianResTime" : 720.0,
    "minResTime" : 27.0,
    "maxResTime" : 21243.0,
    "pct1ResTime" : 3213.0,
    "pct2ResTime" : 5664.0,
    "pct3ResTime" : 11998.97,
    "throughput" : 280.3778630893327,
    "receivedKBytesPerSec" : 0.0,
    "sentKBytesPerSec" : 0.0
  },
  "JoinServer1" : {
    "transaction" : "JoinServer1",
    "sampleCount" : 6500,
    "errorCount" : 0,
    "errorPct" : 0.0,
    "meanResTime" : 6200.605538461554,
    "medianResTime" : 4187.0,
    "minResTime" : 2474.0,
    "maxResTime" : 18449.0,
    "pct1ResTime" : 10937.900000000001,
    "pct2ResTime" : 17789.0,
    "pct3ResTime" : 18270.0,
    "throughput" : 352.22715942343126,
    "receivedKBytesPerSec" : 0.0,
    "sentKBytesPerSec" : 0.0
  },
  "Total" : {
    "transaction" : "Total",
    "sampleCount" : 19500,
    "errorCount" : 374,
    "errorPct" : 1.9179487,
    "meanResTime" : 4707.054820512811,
    "medianResTime" : 3151.0,
    "minResTime" : 27.0,
    "maxResTime" : 22355.0,
    "pct1ResTime" : 15524.0,
    "pct2ResTime" : 16566.800000000017,
    "pct3ResTime" : 21210.99,
    "throughput" : 702.8800057672205,
    "receivedKBytesPerSec" : 0.0,
    "sentKBytesPerSec" : 0.0
  },
  "JoinServer2" : {
    "transaction" : "JoinServer2",
    "sampleCount" : 6500,
    "errorCount" : 360,
    "errorPct" : 5.5384617,
    "meanResTime" : 6273.470153846165,
    "medianResTime" : 3156.0,
    "minResTime" : 65.0,
    "maxResTime" : 22355.0,
    "pct1ResTime" : 16039.0,
    "pct2ResTime" : 21076.95,
    "pct3ResTime" : 21728.989999999998,
    "throughput" : 290.489810511262,
    "receivedKBytesPerSec" : 0.0,
    "sentKBytesPerSec" : 0.0
  }
}