{
  "Total" : {
    "transaction" : "Total",
    "sampleCount" : 17390,
    "errorCount" : 9813,
    "errorPct" : 56.42898,
    "meanResTime" : 3172.6173087981606,
    "medianResTime" : 2156.0,
    "minResTime" : 27.0,
    "maxResTime" : 61851.0,
    "pct1ResTime" : 2200.0,
    "pct2ResTime" : 8137.450000000001,
    "pct3ResTime" : 61332.270000000004,
    "throughput" : 222.66040127527177,
    "receivedKBytesPerSec" : 0.0,
    "sentKBytesPerSec" : 0.0
  },
  "JoinRoom" : {
    "transaction" : "JoinRoom",
    "sampleCount" : 16590,
    "errorCount" : 9813,
    "errorPct" : 59.15009,
    "meanResTime" : 1455.7610006027676,
    "medianResTime" : 2155.0,
    "minResTime" : 27.0,
    "maxResTime" : 13123.0,
    "pct1ResTime" : 2184.0,
    "pct2ResTime" : 2208.0,
    "pct3ResTime" : 4116.0,
    "throughput" : 243.93471548301721,
    "receivedKBytesPerSec" : 0.0,
    "sentKBytesPerSec" : 0.0
  },
  "CreateRoom" : {
    "transaction" : "CreateRoom",
    "sampleCount" : 400,
    "errorCount" : 0,
    "errorPct" : 0.0,
    "meanResTime" : 16316.807499999992,
    "medianResTime" : 16331.0,
    "minResTime" : 15702.0,
    "maxResTime" : 17011.0,
    "pct1ResTime" : 16825.9,
    "pct2ResTime" : 16887.9,
    "pct3ResTime" : 16954.89,
    "throughput" : 23.489341711198545,
    "receivedKBytesPerSec" : 0.0,
    "sentKBytesPerSec" : 0.0
  },
  "JoinRoom&Wait60sec" : {
    "transaction" : "JoinRoom&Wait60sec",
    "sampleCount" : 400,
    "errorCount" : 0,
    "errorPct" : 0.0,
    "meanResTime" : 61235.04250000001,
    "medianResTime" : 61250.0,
    "minResTime" : 60595.0,
    "maxResTime" : 61851.0,
    "pct1ResTime" : 61740.8,
    "pct2ResTime" : 61776.65,
    "pct3ResTime" : 61839.9,
    "throughput" : 6.454319553361087,
    "receivedKBytesPerSec" : 0.0,
    "sentKBytesPerSec" : 0.0
  }
}