{
  "Total" : {
    "transaction" : "Total",
    "sampleCount" : 26840,
    "errorCount" : 0,
    "errorPct" : 0.0,
    "meanResTime" : 918.2669523099875,
    "medianResTime" : 115.0,
    "minResTime" : 26.0,
    "maxResTime" : 60051.0,
    "pct1ResTime" : 320.90000000000146,
    "pct2ResTime" : 3045.0,
    "pct3ResTime" : 60027.0,
    "throughput" : 396.9944385279848,
    "receivedKBytesPerSec" : 0.0,
    "sentKBytesPerSec" : 0.0
  },
  "JoinRoom" : {
    "transaction" : "JoinRoom",
    "sampleCount" : 26400,
    "errorCount" : 0,
    "errorPct" : 0.0,
    "meanResTime" : 322.26511363636354,
    "medianResTime" : 115.0,
    "minResTime" : 26.0,
    "maxResTime" : 15159.0,
    "pct1ResTime" : 277.90000000000146,
    "pct2ResTime" : 1091.9500000000007,
    "pct3ResTime" : 3161.0,
    "throughput" : 458.65184155663655,
    "receivedKBytesPerSec" : 0.0,
    "sentKBytesPerSec" : 0.0
  },
  "CreateRoom" : {
    "transaction" : "CreateRoom",
    "sampleCount" : 220,
    "errorCount" : 0,
    "errorPct" : 0.0,
    "meanResTime" : 13328.013636363628,
    "medianResTime" : 13327.5,
    "minResTime" : 12809.0,
    "maxResTime" : 13894.0,
    "pct1ResTime" : 13791.3,
    "pct2ResTime" : 13853.6,
    "pct3ResTime" : 13887.95,
    "throughput" : 15.825061142281688,
    "receivedKBytesPerSec" : 0.0,
    "sentKBytesPerSec" : 0.0
  },
  "JoinRoom&Wait60sec" : {
    "transaction" : "JoinRoom&Wait60sec",
    "sampleCount" : 220,
    "errorCount" : 0,
    "errorPct" : 0.0,
    "meanResTime" : 60028.74090909092,
    "medianResTime" : 60028.0,
    "minResTime" : 60026.0,
    "maxResTime" : 60051.0,
    "pct1ResTime" : 60031.0,
    "pct2ResTime" : 60033.0,
    "pct3ResTime" : 60046.0,
    "throughput" : 3.599123122730098,
    "receivedKBytesPerSec" : 0.0,
    "sentKBytesPerSec" : 0.0
  }
}