{
  "JoinRoom&Wait" : {
    "transaction" : "JoinRoom&Wait",
    "sampleCount" : 1000,
    "errorCount" : 0,
    "errorPct" : 0.0,
    "meanResTime" : 60038.435000000056,
    "medianResTime" : 60029.0,
    "minResTime" : 60026.0,
    "maxResTime" : 60165.0,
    "pct1ResTime" : 60057.0,
    "pct2ResTime" : 60096.95,
    "pct3ResTime" : 60142.97,
    "throughput" : 16.381894729944467,
    "receivedKBytesPerSec" : 0.0,
    "sentKBytesPerSec" : 0.0
  },
  "Total" : {
    "transaction" : "Total",
    "sampleCount" : 44801,
    "errorCount" : 3607,
    "errorPct" : 8.05116,
    "meanResTime" : 4362.538916542048,
    "medianResTime" : 1041.0,
    "minResTime" : 26.0,
    "maxResTime" : 60165.0,
    "pct1ResTime" : 21047.0,
    "pct2ResTime" : 58078.900000028334,
    "pct3ResTime" : 60044.0,
    "throughput" : 321.54135446272215,
    "receivedKBytesPerSec" : 0.0,
    "sentKBytesPerSec" : 0.0
  },
  "JoinRoom" : {
    "transaction" : "JoinRoom",
    "sampleCount" : 42801,
    "errorCount" : 3607,
    "errorPct" : 8.427373,
    "meanResTime" : 2872.757902852727,
    "medianResTime" : 651.0,
    "minResTime" : 26.0,
    "maxResTime" : 21084.0,
    "pct1ResTime" : 21039.0,
    "pct2ResTime" : 21047.0,
    "pct3ResTime" : 21056.0,
    "throughput" : 331.43870463151535,
    "receivedKBytesPerSec" : 0.0,
    "sentKBytesPerSec" : 0.0
  },
  "CreateRoom" : {
    "transaction" : "CreateRoom",
    "sampleCount" : 1000,
    "errorCount" : 0,
    "errorPct" : 0.0,
    "meanResTime" : 12450.759999999984,
    "medianResTime" : 12376.0,
    "minResTime" : 12066.0,
    "maxResTime" : 13502.0,
    "pct1ResTime" : 12804.9,
    "pct2ResTime" : 12866.0,
    "pct3ResTime" : 12966.9,
    "throughput" : 71.32158904500392,
    "receivedKBytesPerSec" : 0.0,
    "sentKBytesPerSec" : 0.0
  }
}