{
  "Total" : {
    "transaction" : "Total",
    "sampleCount" : 2074,
    "errorCount" : 0,
    "errorPct" : 0.0,
    "meanResTime" : 61150.92622950819,
    "medianResTime" : 61285.0,
    "minResTime" : 59979.0,
    "maxResTime" : 64653.0,
    "pct1ResTime" : 61726.5,
    "pct2ResTime" : 61849.5,
    "pct3ResTime" : 64129.0,
    "throughput" : 31.86700059923482,
    "receivedKBytesPerSec" : 0.0,
    "sentKBytesPerSec" : 0.0
  },
  "UserType3" : {
    "transaction" : "UserType3",
    "sampleCount" : 680,
    "errorCount" : 0,
    "errorPct" : 0.0,
    "meanResTime" : 61417.94558823526,
    "medianResTime" : 61420.5,
    "minResTime" : 60990.0,
    "maxResTime" : 62054.0,
    "pct1ResTime" : 61707.8,
    "pct2ResTime" : 61815.9,
    "pct3ResTime" : 61958.76,
    "throughput" : 10.951844097278144,
    "receivedKBytesPerSec" : 0.0,
    "sentKBytesPerSec" : 0.0
  },
  "UserType4" : {
    "transaction" : "UserType4",
    "sampleCount" : 680,
    "errorCount" : 0,
    "errorPct" : 0.0,
    "meanResTime" : 60379.34852941179,
    "medianResTime" : 60377.5,
    "minResTime" : 59979.0,
    "maxResTime" : 60994.0,
    "pct1ResTime" : 60652.9,
    "pct2ResTime" : 60760.8,
    "pct3ResTime" : 60906.04,
    "throughput" : 11.142609009127108,
    "receivedKBytesPerSec" : 0.0,
    "sentKBytesPerSec" : 0.0
  },
  "UserType1" : {
    "transaction" : "UserType1",
    "sampleCount" : 34,
    "errorCount" : 0,
    "errorPct" : 0.0,
    "meanResTime" : 64278.73529411765,
    "medianResTime" : 64188.0,
    "minResTime" : 64098.0,
    "maxResTime" : 64653.0,
    "pct1ResTime" : 64608.5,
    "pct2ResTime" : 64636.5,
    "pct3ResTime" : 64653.0,
    "throughput" : 0.5224098458890954,
    "receivedKBytesPerSec" : 0.0,
    "sentKBytesPerSec" : 0.0
  },
  "UserType2" : {
    "transaction" : "UserType2",
    "sampleCount" : 680,
    "errorCount" : 0,
    "errorPct" : 0.0,
    "meanResTime" : 61499.09411764707,
    "medianResTime" : 61498.5,
    "minResTime" : 61070.0,
    "maxResTime" : 62125.0,
    "pct1ResTime" : 61779.9,
    "pct2ResTime" : 61893.8,
    "pct3ResTime" : 62041.47,
    "throughput" : 10.94003893366797,
    "receivedKBytesPerSec" : 0.0,
    "sentKBytesPerSec" : 0.0
  }
}