{
  "JoinServer3" : {
    "transaction" : "JoinServer3",
    "sampleCount" : 8000,
    "errorCount" : 159,
    "errorPct" : 1.9875,
    "meanResTime" : 2749.536249999997,
    "medianResTime" : 782.0,
    "minResTime" : 27.0,
    "maxResTime" : 21116.0,
    "pct1ResTime" : 12010.800000000001,
    "pct2ResTime" : 13844.499999999998,
    "pct3ResTime" : 15729.0,
    "throughput" : 319.5015775390391,
    "receivedKBytesPerSec" : 0.0,
    "sentKBytesPerSec" : 0.0
  },
  "JoinServer1" : {
    "transaction" : "JoinServer1",
    "sampleCount" : 8000,
    "errorCount" : 358,
    "errorPct" : 4.475,
    "meanResTime" : 8135.066249999996,
    "medianResTime" : 5896.5,
    "minResTime" : 1868.0,
    "maxResTime" : 23778.0,
    "pct1ResTime" : 18173.0,
    "pct2ResTime" : 18341.0,
    "pct3ResTime" : 23585.97,
    "throughput" : 334.25252778474135,
    "receivedKBytesPerSec" : 0.0,
    "sentKBytesPerSec" : 0.0
  },
  "Total" : {
    "transaction" : "Total",
    "sampleCount" : 24000,
    "errorCount" : 1672,
    "errorPct" : 6.9666667,
    "meanResTime" : 5502.908374999994,
    "medianResTime" : 2519.0,
    "minResTime" : 26.0,
    "maxResTime" : 23778.0,
    "pct1ResTime" : 18173.0,
    "pct2ResTime" : 21812.0,
    "pct3ResTime" : 23286.980000000003,
    "throughput" : 802.1926599371616,
    "receivedKBytesPerSec" : 0.0,
    "sentKBytesPerSec" : 0.0
  },
  "JoinServer2" : {
    "transaction" : "JoinServer2",
    "sampleCount" : 8000,
    "errorCount" : 1155,
    "errorPct" : 14.4375,
    "meanResTime" : 5624.122625000009,
    "medianResTime" : 1993.0,
    "minResTime" : 26.0,
    "maxResTime" : 22227.0,
    "pct1ResTime" : 21724.200000000004,
    "pct2ResTime" : 21987.0,
    "pct3ResTime" : 22146.0,
    "throughput" : 312.67099194872196,
    "receivedKBytesPerSec" : 0.0,
    "sentKBytesPerSec" : 0.0
  }
}