{
  "JoinServer3" : {
    "transaction" : "JoinServer3",
    "sampleCount" : 6500,
    "errorCount" : 52,
    "errorPct" : 0.8,
    "meanResTime" : 2861.5784615384623,
    "medianResTime" : 758.5,
    "minResTime" : 26.0,
    "maxResTime" : 21302.0,
    "pct1ResTime" : 7657.0,
    "pct2ResTime" : 13903.0,
    "pct3ResTime" : 16569.0,
    "throughput" : 167.4265255132267,
    "receivedKBytesPerSec" : 0.0,
    "sentKBytesPerSec" : 0.0
  },
  "JoinServer1" : {
    "transaction" : "JoinServer1",
    "sampleCount" : 6500,
    "errorCount" : 57,
    "errorPct" : 0.8769231,
    "meanResTime" : 6452.400461538466,
    "medianResTime" : 5530.0,
    "minResTime" : 1810.0,
    "maxResTime" : 23737.0,
    "pct1ResTime" : 16825.300000000003,
    "pct2ResTime" : 17648.85,
    "pct3ResTime" : 18689.179999999982,
    "throughput" : 271.85278126306986,
    "receivedKBytesPerSec" : 0.0,
    "sentKBytesPerSec" : 0.0
  },
  "Total" : {
    "transaction" : "Total",
    "sampleCount" : 19500,
    "errorCount" : 275,
    "errorPct" : 1.4102564,
    "meanResTime" : 5083.807897435882,
    "medianResTime" : 3648.0,
    "minResTime" : 26.0,
    "maxResTime" : 23737.0,
    "pct1ResTime" : 14341.500000000007,
    "pct2ResTime" : 16508.800000000003,
    "pct3ResTime" : 21029.0,
    "throughput" : 461.7679793506832,
    "receivedKBytesPerSec" : 0.0,
    "sentKBytesPerSec" : 0.0
  },
  "JoinServer2" : {
    "transaction" : "JoinServer2",
    "sampleCount" : 6500,
    "errorCount" : 166,
    "errorPct" : 2.5538461,
    "meanResTime" : 5937.444769230778,
    "medianResTime" : 3829.0,
    "minResTime" : 27.0,
    "maxResTime" : 21223.0,
    "pct1ResTime" : 15081.0,
    "pct2ResTime" : 15600.0,
    "pct3ResTime" : 21038.989999999998,
    "throughput" : 260.1665065642011,
    "receivedKBytesPerSec" : 0.0,
    "sentKBytesPerSec" : 0.0
  }
}