{
  "JoinServer3" : {
    "transaction" : "JoinServer3",
    "sampleCount" : 10000,
    "errorCount" : 278,
    "errorPct" : 2.78,
    "meanResTime" : 2535.2699000000025,
    "medianResTime" : 657.0,
    "minResTime" : 26.0,
    "maxResTime" : 21490.0,
    "pct1ResTime" : 8031.0,
    "pct2ResTime" : 15060.0,
    "pct3ResTime" : 15774.209999999983,
    "throughput" : 239.92322456813818,
    "receivedKBytesPerSec" : 0.0,
    "sentKBytesPerSec" : 0.0
  },
  "JoinServer1" : {
    "transaction" : "JoinServer1",
    "sampleCount" : 10000,
    "errorCount" : 1302,
    "errorPct" : 13.02,
    "meanResTime" : 9509.495999999983,
    "medianResTime" : 5773.0,
    "minResTime" : 631.0,
    "maxResTime" : 25459.0,
    "pct1ResTime" : 21607.9,
    "pct2ResTime" : 23413.0,
    "pct3ResTime" : 25322.98,
    "throughput" : 353.8445207175967,
    "receivedKBytesPerSec" : 0.0,
    "sentKBytesPerSec" : 0.0
  },
  "Total" : {
    "transaction" : "Total",
    "sampleCount" : 30000,
    "errorCount" : 3259,
    "errorPct" : 10.863334,
    "meanResTime" : 6290.346466666693,
    "medianResTime" : 2839.0,
    "minResTime" : 26.0,
    "maxResTime" : 25459.0,
    "pct1ResTime" : 21669.0,
    "pct2ResTime" : 22379.9,
    "pct3ResTime" : 25164.980000000003,
    "throughput" : 609.1246878235975,
    "receivedKBytesPerSec" : 0.0,
    "sentKBytesPerSec" : 0.0
  },
  "JoinServer2" : {
    "transaction" : "JoinServer2",
    "sampleCount" : 10000,
    "errorCount" : 1679,
    "errorPct" : 16.79,
    "meanResTime" : 6826.273499999988,
    "medianResTime" : 2449.5,
    "minResTime" : 26.0,
    "maxResTime" : 23422.0,
    "pct1ResTime" : 21730.0,
    "pct2ResTime" : 22079.949999999997,
    "pct3ResTime" : 23075.989999999998,
    "throughput" : 369.56280719908347,
    "receivedKBytesPerSec" : 0.0,
    "sentKBytesPerSec" : 0.0
  }
}