{
  "Total" : {
    "transaction" : "Total",
    "sampleCount" : 40000,
    "errorCount" : 11296,
    "errorPct" : 28.24,
    "meanResTime" : 10811.51997499997,
    "medianResTime" : 21066.0,
    "minResTime" : 114.0,
    "maxResTime" : 27307.0,
    "pct1ResTime" : 24694.40000000001,
    "pct2ResTime" : 25384.0,
    "pct3ResTime" : 26598.0,
    "throughput" : 1177.1630370806356,
    "receivedKBytesPerSec" : 0.0,
    "sentKBytesPerSec" : 0.0
  },
  "JoinServer" : {
    "transaction" : "JoinServer",
    "sampleCount" : 40000,
    "errorCount" : 11296,
    "errorPct" : 28.24,
    "meanResTime" : 10811.51997499997,
    "medianResTime" : 21066.0,
    "minResTime" : 114.0,
    "maxResTime" : 27307.0,
    "pct1ResTime" : 24694.40000000001,
    "pct2ResTime" : 25384.0,
    "pct3ResTime" : 26598.0,
    "throughput" : 1177.1630370806356,
    "receivedKBytesPerSec" : 0.0,
    "sentKBytesPerSec" : 0.0
  }
}