{
  "JoinServer3" : {
    "transaction" : "JoinServer3",
    "sampleCount" : 6500,
    "errorCount" : 1,
    "errorPct" : 0.015384615,
    "meanResTime" : 1376.8870769230775,
    "medianResTime" : 745.0,
    "minResTime" : 27.0,
    "maxResTime" : 21034.0,
    "pct1ResTime" : 3293.0,
    "pct2ResTime" : 3698.749999999999,
    "pct3ResTime" : 7205.0,
    "throughput" : 179.0633608815427,
    "receivedKBytesPerSec" : 0.0,
    "sentKBytesPerSec" : 0.0
  },
  "JoinServer1" : {
    "transaction" : "JoinServer1",
    "sampleCount" : 6500,
    "errorCount" : 4,
    "errorPct" : 0.06153846,
    "meanResTime" : 6897.870923076928,
    "medianResTime" : 3268.5,
    "minResTime" : 2390.0,
    "maxResTime" : 23653.0,
    "pct1ResTime" : 17677.0,
    "pct2ResTime" : 18016.0,
    "pct3ResTime" : 18171.989999999998,
    "throughput" : 271.51211361737677,
    "receivedKBytesPerSec" : 0.0,
    "sentKBytesPerSec" : 0.0
  },
  "Total" : {
    "transaction" : "Total",
    "sampleCount" : 19500,
    "errorCount" : 368,
    "errorPct" : 1.8871795,
    "meanResTime" : 4527.005076923063,
    "medianResTime" : 2885.0,
    "minResTime" : 27.0,
    "maxResTime" : 23653.0,
    "pct1ResTime" : 16158.900000000001,
    "pct2ResTime" : 17748.0,
    "pct3ResTime" : 21527.980000000003,
    "throughput" : 479.88187523071247,
    "receivedKBytesPerSec" : 0.0,
    "sentKBytesPerSec" : 0.0
  },
  "JoinServer2" : {
    "transaction" : "JoinServer2",
    "sampleCount" : 6500,
    "errorCount" : 363,
    "errorPct" : 5.584615,
    "meanResTime" : 5306.257230769242,
    "medianResTime" : 3193.0,
    "minResTime" : 27.0,
    "maxResTime" : 21685.0,
    "pct1ResTime" : 16307.0,
    "pct2ResTime" : 21385.0,
    "pct3ResTime" : 21653.0,
    "throughput" : 299.60820465545055,
    "receivedKBytesPerSec" : 0.0,
    "sentKBytesPerSec" : 0.0
  }
}