{
  "Total" : {
    "transaction" : "Total",
    "sampleCount" : 2040,
    "errorCount" : 0,
    "errorPct" : 0.0,
    "meanResTime" : 61208.27352941183,
    "medianResTime" : 61310.5,
    "minResTime" : 59494.0,
    "maxResTime" : 64662.0,
    "pct1ResTime" : 61739.9,
    "pct2ResTime" : 61877.9,
    "pct3ResTime" : 64185.75,
    "throughput" : 31.34748067673679,
    "receivedKBytesPerSec" : 0.0,
    "sentKBytesPerSec" : 0.0
  },
  "UserType3" : {
    "transaction" : "UserType3",
    "sampleCount" : 800,
    "errorCount" : 0,
    "errorPct" : 0.0,
    "meanResTime" : 61351.90750000003,
    "medianResTime" : 61353.5,
    "minResTime" : 60854.0,
    "maxResTime" : 62049.0,
    "pct1ResTime" : 61674.8,
    "pct2ResTime" : 61781.95,
    "pct3ResTime" : 61948.83,
    "throughput" : 12.884107453456162,
    "receivedKBytesPerSec" : 0.0,
    "sentKBytesPerSec" : 0.0
  },
  "UserType4" : {
    "transaction" : "UserType4",
    "sampleCount" : 400,
    "errorCount" : 0,
    "errorPct" : 0.0,
    "meanResTime" : 60120.05999999999,
    "medianResTime" : 60124.0,
    "minResTime" : 59494.0,
    "maxResTime" : 60934.0,
    "pct1ResTime" : 60600.9,
    "pct2ResTime" : 60665.4,
    "pct3ResTime" : 60853.73,
    "throughput" : 6.551791915088777,
    "receivedKBytesPerSec" : 0.0,
    "sentKBytesPerSec" : 0.0
  },
  "UserType1" : {
    "transaction" : "UserType1",
    "sampleCount" : 40,
    "errorCount" : 0,
    "errorPct" : 0.0,
    "meanResTime" : 64275.075000000004,
    "medianResTime" : 64183.5,
    "minResTime" : 64099.0,
    "maxResTime" : 64662.0,
    "pct1ResTime" : 64590.4,
    "pct2ResTime" : 64647.6,
    "pct3ResTime" : 64662.0,
    "throughput" : 0.6146564838575841,
    "receivedKBytesPerSec" : 0.0,
    "sentKBytesPerSec" : 0.0
  },
  "UserType2" : {
    "transaction" : "UserType2",
    "sampleCount" : 800,
    "errorCount" : 0,
    "errorPct" : 0.0,
    "meanResTime" : 61455.40625000001,
    "medianResTime" : 61457.0,
    "minResTime" : 60969.0,
    "maxResTime" : 62163.0,
    "pct1ResTime" : 61779.0,
    "pct2ResTime" : 61887.85,
    "pct3ResTime" : 62049.96,
    "throughput" : 12.861322787048648,
    "receivedKBytesPerSec" : 0.0,
    "sentKBytesPerSec" : 0.0
  }
}