{
  "JoinServer3" : {
    "transaction" : "JoinServer3",
    "sampleCount" : 10000,
    "errorCount" : 311,
    "errorPct" : 3.11,
    "meanResTime" : 2910.117300000013,
    "medianResTime" : 1560.0,
    "minResTime" : 26.0,
    "maxResTime" : 21211.0,
    "pct1ResTime" : 7497.0,
    "pct2ResTime" : 10661.0,
    "pct3ResTime" : 18094.989999999998,
    "throughput" : 289.611630803093,
    "receivedKBytesPerSec" : 0.0,
    "sentKBytesPerSec" : 0.0
  },
  "JoinServer1" : {
    "transaction" : "JoinServer1",
    "sampleCount" : 10000,
    "errorCount" : 890,
    "errorPct" : 8.9,
    "meanResTime" : 8312.620900000013,
    "medianResTime" : 5884.0,
    "minResTime" : 250.0,
    "maxResTime" : 24637.0,
    "pct1ResTime" : 17973.0,
    "pct2ResTime" : 21193.949999999997,
    "pct3ResTime" : 21902.0,
    "throughput" : 354.7231385903302,
    "receivedKBytesPerSec" : 0.0,
    "sentKBytesPerSec" : 0.0
  },
  "Total" : {
    "transaction" : "Total",
    "sampleCount" : 30000,
    "errorCount" : 3195,
    "errorPct" : 10.65,
    "meanResTime" : 6503.999100000023,
    "medianResTime" : 3782.0,
    "minResTime" : 26.0,
    "maxResTime" : 24637.0,
    "pct1ResTime" : 21137.0,
    "pct2ResTime" : 21496.0,
    "pct3ResTime" : 22172.970000000005,
    "throughput" : 705.9155724975293,
    "receivedKBytesPerSec" : 0.0,
    "sentKBytesPerSec" : 0.0
  },
  "JoinServer2" : {
    "transaction" : "JoinServer2",
    "sampleCount" : 10000,
    "errorCount" : 1994,
    "errorPct" : 19.94,
    "meanResTime" : 8289.259099999981,
    "medianResTime" : 4604.0,
    "minResTime" : 28.0,
    "maxResTime" : 23068.0,
    "pct1ResTime" : 21440.0,
    "pct2ResTime" : 21543.0,
    "pct3ResTime" : 22231.0,
    "throughput" : 321.01698179833716,
    "receivedKBytesPerSec" : 0.0,
    "sentKBytesPerSec" : 0.0
  }
}