{
  "Total" : {
    "transaction" : "Total",
    "sampleCount" : 27011,
    "errorCount" : 1658,
    "errorPct" : 6.13824,
    "meanResTime" : 4950.004146458839,
    "medianResTime" : 741.0,
    "minResTime" : 26.0,
    "maxResTime" : 41406.0,
    "pct1ResTime" : 23805.500000004402,
    "pct2ResTime" : 38413.10000001007,
    "pct3ResTime" : 40884.0,
    "throughput" : 302.9021912216565,
    "receivedKBytesPerSec" : 0.0,
    "sentKBytesPerSec" : 0.0
  },
  "JoinRoom" : {
    "transaction" : "JoinRoom",
    "sampleCount" : 25011,
    "errorCount" : 1658,
    "errorPct" : 6.629083,
    "meanResTime" : 2747.8396705449645,
    "medianResTime" : 677.0,
    "minResTime" : 26.0,
    "maxResTime" : 21083.0,
    "pct1ResTime" : 7385.0,
    "pct2ResTime" : 21035.0,
    "pct3ResTime" : 21052.0,
    "throughput" : 316.7633425365384,
    "receivedKBytesPerSec" : 0.0,
    "sentKBytesPerSec" : 0.0
  },
  "CreateRoom" : {
    "transaction" : "CreateRoom",
    "sampleCount" : 1000,
    "errorCount" : 0,
    "errorPct" : 0.0,
    "meanResTime" : 24682.744000000017,
    "medianResTime" : 24654.5,
    "minResTime" : 24108.0,
    "maxResTime" : 25267.0,
    "pct1ResTime" : 25105.9,
    "pct2ResTime" : 25149.9,
    "pct3ResTime" : 25238.97,
    "throughput" : 39.541320680110715,
    "receivedKBytesPerSec" : 0.0,
    "sentKBytesPerSec" : 0.0
  },
  "JoinRoom&Wait30sec" : {
    "transaction" : "JoinRoom&Wait30sec",
    "sampleCount" : 1000,
    "errorCount" : 0,
    "errorPct" : 0.0,
    "meanResTime" : 40295.60000000003,
    "medianResTime" : 40291.5,
    "minResTime" : 39105.0,
    "maxResTime" : 41406.0,
    "pct1ResTime" : 41157.8,
    "pct2ResTime" : 41225.0,
    "pct3ResTime" : 41331.91,
    "throughput" : 24.100450678427688,
    "receivedKBytesPerSec" : 0.0,
    "sentKBytesPerSec" : 0.0
  }
}