{
  "Total" : {
    "transaction" : "Total",
    "sampleCount" : 30000,
    "errorCount" : 3552,
    "errorPct" : 11.84,
    "meanResTime" : 9341.275633333353,
    "medianResTime" : 13967.0,
    "minResTime" : 233.0,
    "maxResTime" : 28245.0,
    "pct1ResTime" : 21321.800000000003,
    "pct2ResTime" : 22445.9,
    "pct3ResTime" : 27833.94000000001,
    "throughput" : 917.4031375187302,
    "receivedKBytesPerSec" : 0.0,
    "sentKBytesPerSec" : 0.0
  },
  "JoinServer" : {
    "transaction" : "JoinServer",
    "sampleCount" : 30000,
    "errorCount" : 3552,
    "errorPct" : 11.84,
    "meanResTime" : 9341.275633333353,
    "medianResTime" : 13967.0,
    "minResTime" : 233.0,
    "maxResTime" : 28245.0,
    "pct1ResTime" : 21321.800000000003,
    "pct2ResTime" : 22445.9,
    "pct3ResTime" : 27833.94000000001,
    "throughput" : 917.4031375187302,
    "receivedKBytesPerSec" : 0.0,
    "sentKBytesPerSec" : 0.0
  }
}