{
  "JoinRoom&Wait" : {
    "transaction" : "JoinRoom&Wait",
    "sampleCount" : 1000,
    "errorCount" : 0,
    "errorPct" : 0.0,
    "meanResTime" : 60054.33900000003,
    "medianResTime" : 60031.0,
    "minResTime" : 60026.0,
    "maxResTime" : 61039.0,
    "pct1ResTime" : 60135.0,
    "pct2ResTime" : 60176.85,
    "pct3ResTime" : 60223.99,
    "throughput" : 16.11214049786514,
    "receivedKBytesPerSec" : 0.0,
    "sentKBytesPerSec" : 0.0
  },
  "Total" : {
    "transaction" : "Total",
    "sampleCount" : 43436,
    "errorCount" : 4040,
    "errorPct" : 9.301041,
    "meanResTime" : 4508.167119440097,
    "medianResTime" : 625.5,
    "minResTime" : 26.0,
    "maxResTime" : 61039.0,
    "pct1ResTime" : 21049.0,
    "pct2ResTime" : 58082.35000002828,
    "pct3ResTime" : 60054.990000000005,
    "throughput" : 310.24606264062,
    "receivedKBytesPerSec" : 0.0,
    "sentKBytesPerSec" : 0.0
  },
  "JoinRoom" : {
    "transaction" : "JoinRoom",
    "sampleCount" : 41436,
    "errorCount" : 4040,
    "errorPct" : 9.749976,
    "meanResTime" : 2976.7562506033396,
    "medianResTime" : 608.5,
    "minResTime" : 26.0,
    "maxResTime" : 21153.0,
    "pct1ResTime" : 21040.0,
    "pct2ResTime" : 21049.0,
    "pct3ResTime" : 21061.0,
    "throughput" : 319.2025329132354,
    "receivedKBytesPerSec" : 0.0,
    "sentKBytesPerSec" : 0.0
  },
  "CreateRoom" : {
    "transaction" : "CreateRoom",
    "sampleCount" : 1000,
    "errorCount" : 0,
    "errorPct" : 0.0,
    "meanResTime" : 12417.536,
    "medianResTime" : 12344.0,
    "minResTime" : 12082.0,
    "maxResTime" : 13534.0,
    "pct1ResTime" : 12750.0,
    "pct2ResTime" : 12803.95,
    "pct3ResTime" : 12902.96,
    "throughput" : 72.00979333189314,
    "receivedKBytesPerSec" : 0.0,
    "sentKBytesPerSec" : 0.0
  }
}