{
  "JoinRoom&Wait" : {
    "transaction" : "JoinRoom&Wait",
    "sampleCount" : 700,
    "errorCount" : 0,
    "errorPct" : 0.0,
    "meanResTime" : 60035.79571428565,
    "medianResTime" : 60029.0,
    "minResTime" : 60026.0,
    "maxResTime" : 60120.0,
    "pct1ResTime" : 60044.0,
    "pct2ResTime" : 60082.0,
    "pct3ResTime" : 60111.0,
    "throughput" : 11.521685457986997,
    "receivedKBytesPerSec" : 0.0,
    "sentKBytesPerSec" : 0.0
  },
  "Total" : {
    "transaction" : "Total",
    "sampleCount" : 36366,
    "errorCount" : 266,
    "errorPct" : 0.73145247,
    "meanResTime" : 2195.7396744211637,
    "medianResTime" : 479.0,
    "minResTime" : 26.0,
    "maxResTime" : 60120.0,
    "pct1ResTime" : 1599.0,
    "pct2ResTime" : 15063.95,
    "pct3ResTime" : 60035.0,
    "throughput" : 272.760001800099,
    "receivedKBytesPerSec" : 0.0,
    "sentKBytesPerSec" : 0.0
  },
  "JoinRoom" : {
    "transaction" : "JoinRoom",
    "sampleCount" : 34966,
    "errorCount" : 266,
    "errorPct" : 0.760739,
    "meanResTime" : 832.3497397471837,
    "medianResTime" : 475.0,
    "minResTime" : 26.0,
    "maxResTime" : 21070.0,
    "pct1ResTime" : 1487.0,
    "pct2ResTime" : 3206.9500000000007,
    "pct3ResTime" : 21032.0,
    "throughput" : 283.83106182981174,
    "receivedKBytesPerSec" : 0.0,
    "sentKBytesPerSec" : 0.0
  },
  "CreateRoom" : {
    "transaction" : "CreateRoom",
    "sampleCount" : 700,
    "errorCount" : 0,
    "errorPct" : 0.0,
    "meanResTime" : 12458.95857142858,
    "medianResTime" : 12459.0,
    "minResTime" : 12093.0,
    "maxResTime" : 12895.0,
    "pct1ResTime" : 12734.8,
    "pct2ResTime" : 12767.0,
    "pct3ResTime" : 12873.86,
    "throughput" : 53.98318809285108,
    "receivedKBytesPerSec" : 0.0,
    "sentKBytesPerSec" : 0.0
  }
}