{
  "Total" : {
    "transaction" : "Total",
    "sampleCount" : 1632,
    "errorCount" : 0,
    "errorPct" : 0.0,
    "meanResTime" : 61048.32107843133,
    "medianResTime" : 61017.0,
    "minResTime" : 59759.0,
    "maxResTime" : 64698.0,
    "pct1ResTime" : 61673.0,
    "pct2ResTime" : 61781.35,
    "pct3ResTime" : 64214.44,
    "throughput" : 25.081453248908833,
    "receivedKBytesPerSec" : 0.0,
    "sentKBytesPerSec" : 0.0
  },
  "UserType3" : {
    "transaction" : "UserType3",
    "sampleCount" : 640,
    "errorCount" : 0,
    "errorPct" : 0.0,
    "meanResTime" : 61121.86718749998,
    "medianResTime" : 61113.5,
    "minResTime" : 60426.0,
    "maxResTime" : 61971.0,
    "pct1ResTime" : 61628.9,
    "pct2ResTime" : 61696.95,
    "pct3ResTime" : 61884.39,
    "throughput" : 10.312102218713244,
    "receivedKBytesPerSec" : 0.0,
    "sentKBytesPerSec" : 0.0
  },
  "UserType4" : {
    "transaction" : "UserType4",
    "sampleCount" : 320,
    "errorCount" : 0,
    "errorPct" : 0.0,
    "meanResTime" : 60259.89375000002,
    "medianResTime" : 60258.5,
    "minResTime" : 59759.0,
    "maxResTime" : 60912.0,
    "pct1ResTime" : 60647.3,
    "pct2ResTime" : 60692.0,
    "pct3ResTime" : 60851.54,
    "throughput" : 5.245471682648963,
    "receivedKBytesPerSec" : 0.0,
    "sentKBytesPerSec" : 0.0
  },
  "UserType1" : {
    "transaction" : "UserType1",
    "sampleCount" : 32,
    "errorCount" : 0,
    "errorPct" : 0.0,
    "meanResTime" : 64290.71874999999,
    "medianResTime" : 64209.0,
    "minResTime" : 64099.0,
    "maxResTime" : 64698.0,
    "pct1ResTime" : 64627.2,
    "pct2ResTime" : 64671.35,
    "pct3ResTime" : 64698.0,
    "throughput" : 0.49179320095899676,
    "receivedKBytesPerSec" : 0.0,
    "sentKBytesPerSec" : 0.0
  },
  "UserType2" : {
    "transaction" : "UserType2",
    "sampleCount" : 640,
    "errorCount" : 0,
    "errorPct" : 0.0,
    "meanResTime" : 61206.868749999994,
    "medianResTime" : 61208.5,
    "minResTime" : 60517.0,
    "maxResTime" : 62066.0,
    "pct1ResTime" : 61717.2,
    "pct2ResTime" : 61782.0,
    "pct3ResTime" : 61962.39,
    "throughput" : 10.3014792280329,
    "receivedKBytesPerSec" : 0.0,
    "sentKBytesPerSec" : 0.0
  }
}