{
  "Total" : {
    "transaction" : "Total",
    "sampleCount" : 1632,
    "errorCount" : 0,
    "errorPct" : 0.0,
    "meanResTime" : 62052.52022058831,
    "medianResTime" : 62005.0,
    "minResTime" : 61239.0,
    "maxResTime" : 65481.0,
    "pct1ResTime" : 62506.7,
    "pct2ResTime" : 62582.35,
    "pct3ResTime" : 64986.170000000006,
    "throughput" : 24.922498969198113,
    "receivedKBytesPerSec" : 0.0,
    "sentKBytesPerSec" : 0.0
  },
  "UserType3" : {
    "transaction" : "UserType3",
    "sampleCount" : 640,
    "errorCount" : 0,
    "errorPct" : 0.0,
    "meanResTime" : 61941.18124999997,
    "medianResTime" : 61928.5,
    "minResTime" : 61239.0,
    "maxResTime" : 62652.0,
    "pct1ResTime" : 62451.7,
    "pct2ResTime" : 62543.85,
    "pct3ResTime" : 62619.36,
    "throughput" : 10.209779054000158,
    "receivedKBytesPerSec" : 0.0,
    "sentKBytesPerSec" : 0.0
  },
  "UserType4" : {
    "transaction" : "UserType4",
    "sampleCount" : 320,
    "errorCount" : 0,
    "errorPct" : 0.0,
    "meanResTime" : 62058.965625,
    "medianResTime" : 62043.5,
    "minResTime" : 61525.0,
    "maxResTime" : 62596.0,
    "pct1ResTime" : 62444.9,
    "pct2ResTime" : 62488.8,
    "pct3ResTime" : 62575.58,
    "throughput" : 5.1086383882245885,
    "receivedKBytesPerSec" : 0.0,
    "sentKBytesPerSec" : 0.0
  },
  "UserType1" : {
    "transaction" : "UserType1",
    "sampleCount" : 32,
    "errorCount" : 0,
    "errorPct" : 0.0,
    "meanResTime" : 64987.46874999999,
    "medianResTime" : 64977.5,
    "minResTime" : 64511.0,
    "maxResTime" : 65481.0,
    "pct1ResTime" : 65400.7,
    "pct2ResTime" : 65464.1,
    "pct3ResTime" : 65481.0,
    "throughput" : 0.4886764503764336,
    "receivedKBytesPerSec" : 0.0,
    "sentKBytesPerSec" : 0.0
  },
  "UserType2" : {
    "transaction" : "UserType2",
    "sampleCount" : 640,
    "errorCount" : 0,
    "errorPct" : 0.0,
    "meanResTime" : 62013.889062499955,
    "medianResTime" : 62018.0,
    "minResTime" : 61302.0,
    "maxResTime" : 62731.0,
    "pct1ResTime" : 62528.0,
    "pct2ResTime" : 62583.9,
    "pct3ResTime" : 62693.59,
    "throughput" : 10.200015937524903,
    "receivedKBytesPerSec" : 0.0,
    "sentKBytesPerSec" : 0.0
  }
}