{
  "JoinServer3" : {
    "transaction" : "JoinServer3",
    "sampleCount" : 6500,
    "errorCount" : 24,
    "errorPct" : 0.36923078,
    "meanResTime" : 1897.851538461535,
    "medianResTime" : 845.0,
    "minResTime" : 27.0,
    "maxResTime" : 21276.0,
    "pct1ResTime" : 3862.300000000004,
    "pct2ResTime" : 7101.9,
    "pct3ResTime" : 12412.0,
    "throughput" : 199.2153978178252,
    "receivedKBytesPerSec" : 0.0,
    "sentKBytesPerSec" : 0.0
  },
  "JoinServer1" : {
    "transaction" : "JoinServer1",
    "sampleCount" : 6500,
    "errorCount" : 1,
    "errorPct" : 0.015384615,
    "meanResTime" : 7772.226769230775,
    "medianResTime" : 8567.5,
    "minResTime" : 896.0,
    "maxResTime" : 22419.0,
    "pct1ResTime" : 17235.0,
    "pct2ResTime" : 17491.95,
    "pct3ResTime" : 17588.989999999998,
    "throughput" : 283.0640595740975,
    "receivedKBytesPerSec" : 0.0,
    "sentKBytesPerSec" : 0.0
  },
  "Total" : {
    "transaction" : "Total",
    "sampleCount" : 19500,
    "errorCount" : 123,
    "errorPct" : 0.63076925,
    "meanResTime" : 4728.4689743589715,
    "medianResTime" : 2476.0,
    "minResTime" : 27.0,
    "maxResTime" : 22419.0,
    "pct1ResTime" : 14222.0,
    "pct2ResTime" : 17156.95,
    "pct3ResTime" : 17584.0,
    "throughput" : 548.2147877424796,
    "receivedKBytesPerSec" : 0.0,
    "sentKBytesPerSec" : 0.0
  },
  "JoinServer2" : {
    "transaction" : "JoinServer2",
    "sampleCount" : 6500,
    "errorCount" : 98,
    "errorPct" : 1.5076923,
    "meanResTime" : 4515.328615384622,
    "medianResTime" : 3374.0,
    "minResTime" : 28.0,
    "maxResTime" : 21300.0,
    "pct1ResTime" : 11675.800000000001,
    "pct2ResTime" : 14678.9,
    "pct3ResTime" : 21205.97,
    "throughput" : 193.28555710844805,
    "receivedKBytesPerSec" : 0.0,
    "sentKBytesPerSec" : 0.0
  }
}