{
  "JoinRoom&Wait" : {
    "transaction" : "JoinRoom&Wait",
    "sampleCount" : 1000,
    "errorCount" : 0,
    "errorPct" : 0.0,
    "meanResTime" : 60039.83399999994,
    "medianResTime" : 60031.0,
    "minResTime" : 60026.0,
    "maxResTime" : 60168.0,
    "pct1ResTime" : 60055.9,
    "pct2ResTime" : 60093.85,
    "pct3ResTime" : 60152.0,
    "throughput" : 16.378138460782548,
    "receivedKBytesPerSec" : 0.0,
    "sentKBytesPerSec" : 0.0
  },
  "Total" : {
    "transaction" : "Total",
    "sampleCount" : 42922,
    "errorCount" : 2787,
    "errorPct" : 6.4931736,
    "meanResTime" : 3994.7771772051733,
    "medianResTime" : 691.0,
    "minResTime" : 26.0,
    "maxResTime" : 60168.0,
    "pct1ResTime" : 21042.0,
    "pct2ResTime" : 58079.30000002833,
    "pct3ResTime" : 60042.0,
    "throughput" : 354.0163143439209,
    "receivedKBytesPerSec" : 0.0,
    "sentKBytesPerSec" : 0.0
  },
  "JoinRoom" : {
    "transaction" : "JoinRoom",
    "sampleCount" : 40922,
    "errorCount" : 2787,
    "errorPct" : 6.810518,
    "meanResTime" : 2420.9969698450755,
    "medianResTime" : 634.0,
    "minResTime" : 26.0,
    "maxResTime" : 21092.0,
    "pct1ResTime" : 21034.0,
    "pct2ResTime" : 21042.0,
    "pct3ResTime" : 21054.99,
    "throughput" : 368.51063063387573,
    "receivedKBytesPerSec" : 0.0,
    "sentKBytesPerSec" : 0.0
  },
  "CreateRoom" : {
    "transaction" : "CreateRoom",
    "sampleCount" : 1000,
    "errorCount" : 0,
    "errorPct" : 0.0,
    "meanResTime" : 12351.95399999999,
    "medianResTime" : 12264.0,
    "minResTime" : 12077.0,
    "maxResTime" : 12838.0,
    "pct1ResTime" : 12658.8,
    "pct2ResTime" : 12704.95,
    "pct3ResTime" : 12793.98,
    "throughput" : 76.00516835144789,
    "receivedKBytesPerSec" : 0.0,
    "sentKBytesPerSec" : 0.0
  }
}