{
  "JoinServer3" : {
    "transaction" : "JoinServer3",
    "sampleCount" : 10000,
    "errorCount" : 1922,
    "errorPct" : 19.22,
    "meanResTime" : 5639.242600000022,
    "medianResTime" : 1111.5,
    "minResTime" : 26.0,
    "maxResTime" : 23454.0,
    "pct1ResTime" : 21899.699999999997,
    "pct2ResTime" : 22203.0,
    "pct3ResTime" : 22642.0,
    "throughput" : 231.82492581602372,
    "receivedKBytesPerSec" : 0.0,
    "sentKBytesPerSec" : 0.0
  },
  "JoinServer1" : {
    "transaction" : "JoinServer1",
    "sampleCount" : 10000,
    "errorCount" : 1510,
    "errorPct" : 15.1,
    "meanResTime" : 14091.698299999995,
    "medianResTime" : 11357.5,
    "minResTime" : 3186.0,
    "maxResTime" : 30065.0,
    "pct1ResTime" : 28793.9,
    "pct2ResTime" : 29385.0,
    "pct3ResTime" : 29816.0,
    "throughput" : 331.8951211417192,
    "receivedKBytesPerSec" : 0.0,
    "sentKBytesPerSec" : 0.0
  },
  "Total" : {
    "transaction" : "Total",
    "sampleCount" : 30000,
    "errorCount" : 5380,
    "errorPct" : 17.933332,
    "meanResTime" : 9006.119499999926,
    "medianResTime" : 5699.0,
    "minResTime" : 26.0,
    "maxResTime" : 30065.0,
    "pct1ResTime" : 24171.0,
    "pct2ResTime" : 28793.95,
    "pct3ResTime" : 29647.99,
    "throughput" : 537.0569280343717,
    "receivedKBytesPerSec" : 0.0,
    "sentKBytesPerSec" : 0.0
  },
  "JoinServer2" : {
    "transaction" : "JoinServer2",
    "sampleCount" : 10000,
    "errorCount" : 1948,
    "errorPct" : 19.48,
    "meanResTime" : 7287.417600000011,
    "medianResTime" : 3396.5,
    "minResTime" : 27.0,
    "maxResTime" : 24776.0,
    "pct1ResTime" : 23458.9,
    "pct2ResTime" : 23948.949999999997,
    "pct3ResTime" : 24489.989999999998,
    "throughput" : 329.4458720432233,
    "receivedKBytesPerSec" : 0.0,
    "sentKBytesPerSec" : 0.0
  }
}