{
  "Total" : {
    "transaction" : "Total",
    "sampleCount" : 10400,
    "errorCount" : 0,
    "errorPct" : 0.0,
    "meanResTime" : 1546.9429807692304,
    "medianResTime" : 96.0,
    "minResTime" : 26.0,
    "maxResTime" : 60054.0,
    "pct1ResTime" : 289.89999999999964,
    "pct2ResTime" : 1116.8999999999978,
    "pct3ResTime" : 60028.0,
    "throughput" : 157.42787078804758,
    "receivedKBytesPerSec" : 0.0,
    "sentKBytesPerSec" : 0.0
  },
  "JoinRoom" : {
    "transaction" : "JoinRoom",
    "sampleCount" : 10000,
    "errorCount" : 0,
    "errorPct" : 0.0,
    "meanResTime" : 138.1337000000004,
    "medianResTime" : 95.0,
    "minResTime" : 26.0,
    "maxResTime" : 3298.0,
    "pct1ResTime" : 150.0,
    "pct2ResTime" : 409.0,
    "pct3ResTime" : 1128.9899999999998,
    "throughput" : 1086.1301183881828,
    "receivedKBytesPerSec" : 0.0,
    "sentKBytesPerSec" : 0.0
  },
  "CreateRoom" : {
    "transaction" : "CreateRoom",
    "sampleCount" : 200,
    "errorCount" : 0,
    "errorPct" : 0.0,
    "meanResTime" : 13505.489999999994,
    "medianResTime" : 13529.0,
    "minResTime" : 13037.0,
    "maxResTime" : 14041.0,
    "pct1ResTime" : 13937.7,
    "pct2ResTime" : 13997.9,
    "pct3ResTime" : 14035.92,
    "throughput" : 14.24197108879869,
    "receivedKBytesPerSec" : 0.0,
    "sentKBytesPerSec" : 0.0
  },
  "JoinRoom&Wait60sec" : {
    "transaction" : "JoinRoom&Wait60sec",
    "sampleCount" : 200,
    "errorCount" : 0,
    "errorPct" : 0.0,
    "meanResTime" : 60028.85999999999,
    "medianResTime" : 60028.0,
    "minResTime" : 60026.0,
    "maxResTime" : 60054.0,
    "pct1ResTime" : 60031.9,
    "pct2ResTime" : 60037.75,
    "pct3ResTime" : 60047.95,
    "throughput" : 3.276915766880212,
    "receivedKBytesPerSec" : 0.0,
    "sentKBytesPerSec" : 0.0
  }
}