{
  "JoinServer3" : {
    "transaction" : "JoinServer3",
    "sampleCount" : 7000,
    "errorCount" : 414,
    "errorPct" : 5.9142857,
    "meanResTime" : 3463.2341428571426,
    "medianResTime" : 981.0,
    "minResTime" : 26.0,
    "maxResTime" : 21765.0,
    "pct1ResTime" : 16050.0,
    "pct2ResTime" : 21225.9,
    "pct3ResTime" : 21639.989999999998,
    "throughput" : 189.897455374098,
    "receivedKBytesPerSec" : 0.0,
    "sentKBytesPerSec" : 0.0
  },
  "JoinServer1" : {
    "transaction" : "JoinServer1",
    "sampleCount" : 7000,
    "errorCount" : 317,
    "errorPct" : 4.5285716,
    "meanResTime" : 10165.64442857141,
    "medianResTime" : 6791.5,
    "minResTime" : 2825.0,
    "maxResTime" : 28816.0,
    "pct1ResTime" : 22458.4,
    "pct2ResTime" : 23313.9,
    "pct3ResTime" : 28421.0,
    "throughput" : 241.98008849557522,
    "receivedKBytesPerSec" : 0.0,
    "sentKBytesPerSec" : 0.0
  },
  "Total" : {
    "transaction" : "Total",
    "sampleCount" : 21000,
    "errorCount" : 865,
    "errorPct" : 4.1190476,
    "meanResTime" : 5885.399619047639,
    "medianResTime" : 3159.0,
    "minResTime" : 26.0,
    "maxResTime" : 28816.0,
    "pct1ResTime" : 16230.900000000001,
    "pct2ResTime" : 21516.95,
    "pct3ResTime" : 27995.99,
    "throughput" : 477.0667211885777,
    "receivedKBytesPerSec" : 0.0,
    "sentKBytesPerSec" : 0.0
  },
  "JoinServer2" : {
    "transaction" : "JoinServer2",
    "sampleCount" : 7000,
    "errorCount" : 134,
    "errorPct" : 1.9142857,
    "meanResTime" : 4027.3202857142833,
    "medianResTime" : 1374.0,
    "minResTime" : 27.0,
    "maxResTime" : 22701.0,
    "pct1ResTime" : 15181.900000000001,
    "pct2ResTime" : 16082.0,
    "pct3ResTime" : 21218.94,
    "throughput" : 184.414352705622,
    "receivedKBytesPerSec" : 0.0,
    "sentKBytesPerSec" : 0.0
  }
}