{
  "JoinServer3" : {
    "transaction" : "JoinServer3",
    "sampleCount" : 6500,
    "errorCount" : 395,
    "errorPct" : 6.076923,
    "meanResTime" : 3109.1809230769136,
    "medianResTime" : 674.0,
    "minResTime" : 27.0,
    "maxResTime" : 21834.0,
    "pct1ResTime" : 7970.700000000105,
    "pct2ResTime" : 21179.8,
    "pct3ResTime" : 21646.989999999998,
    "throughput" : 224.75795297372062,
    "receivedKBytesPerSec" : 0.0,
    "sentKBytesPerSec" : 0.0
  },
  "JoinServer1" : {
    "transaction" : "JoinServer1",
    "sampleCount" : 6500,
    "errorCount" : 558,
    "errorPct" : 8.584616,
    "meanResTime" : 10296.108153846157,
    "medianResTime" : 6885.5,
    "minResTime" : 3615.0,
    "maxResTime" : 27109.0,
    "pct1ResTime" : 20973.9,
    "pct2ResTime" : 26444.0,
    "pct3ResTime" : 26834.989999999998,
    "throughput" : 239.6490063783505,
    "receivedKBytesPerSec" : 0.0,
    "sentKBytesPerSec" : 0.0
  },
  "Total" : {
    "transaction" : "Total",
    "sampleCount" : 19500,
    "errorCount" : 1280,
    "errorPct" : 6.5641026,
    "meanResTime" : 5746.25246153849,
    "medianResTime" : 3618.5,
    "minResTime" : 27.0,
    "maxResTime" : 27109.0,
    "pct1ResTime" : 19537.800000000003,
    "pct2ResTime" : 21268.0,
    "pct3ResTime" : 26607.93000000001,
    "throughput" : 570.1754385964912,
    "receivedKBytesPerSec" : 0.0,
    "sentKBytesPerSec" : 0.0
  },
  "JoinServer2" : {
    "transaction" : "JoinServer2",
    "sampleCount" : 6500,
    "errorCount" : 327,
    "errorPct" : 5.0307693,
    "meanResTime" : 3833.468307692312,
    "medianResTime" : 1328.0,
    "minResTime" : 28.0,
    "maxResTime" : 21812.0,
    "pct1ResTime" : 15189.0,
    "pct2ResTime" : 20228.699999999997,
    "pct3ResTime" : 21444.989999999998,
    "throughput" : 219.01007446342533,
    "receivedKBytesPerSec" : 0.0,
    "sentKBytesPerSec" : 0.0
  }
}