{
  "JoinServer3" : {
    "transaction" : "JoinServer3",
    "sampleCount" : 6700,
    "errorCount" : 4,
    "errorPct" : 0.05970149,
    "meanResTime" : 1791.9958208955175,
    "medianResTime" : 802.0,
    "minResTime" : 26.0,
    "maxResTime" : 21136.0,
    "pct1ResTime" : 3895.9000000000005,
    "pct2ResTime" : 7325.0,
    "pct3ResTime" : 7757.849999999997,
    "throughput" : 225.1419738566484,
    "receivedKBytesPerSec" : 0.0,
    "sentKBytesPerSec" : 0.0
  },
  "JoinServer1" : {
    "transaction" : "JoinServer1",
    "sampleCount" : 6700,
    "errorCount" : 3,
    "errorPct" : 0.04477612,
    "meanResTime" : 7382.810597014924,
    "medianResTime" : 5723.0,
    "minResTime" : 1700.0,
    "maxResTime" : 22333.0,
    "pct1ResTime" : 17608.0,
    "pct2ResTime" : 17885.95,
    "pct3ResTime" : 18703.92,
    "throughput" : 294.9333098560549,
    "receivedKBytesPerSec" : 0.0,
    "sentKBytesPerSec" : 0.0
  },
  "Total" : {
    "transaction" : "Total",
    "sampleCount" : 20100,
    "errorCount" : 366,
    "errorPct" : 1.8208956,
    "meanResTime" : 4817.439054726382,
    "medianResTime" : 2866.0,
    "minResTime" : 26.0,
    "maxResTime" : 22333.0,
    "pct1ResTime" : 15787.0,
    "pct2ResTime" : 17631.95,
    "pct3ResTime" : 21073.0,
    "throughput" : 603.9663461538462,
    "receivedKBytesPerSec" : 0.0,
    "sentKBytesPerSec" : 0.0
  },
  "JoinServer2" : {
    "transaction" : "JoinServer2",
    "sampleCount" : 6700,
    "errorCount" : 359,
    "errorPct" : 5.358209,
    "meanResTime" : 5277.510746268677,
    "medianResTime" : 3187.5,
    "minResTime" : 28.0,
    "maxResTime" : 21164.0,
    "pct1ResTime" : 15790.900000000001,
    "pct2ResTime" : 21042.0,
    "pct3ResTime" : 21121.989999999998,
    "throughput" : 218.3833116036506,
    "receivedKBytesPerSec" : 0.0,
    "sentKBytesPerSec" : 0.0
  }
}