{
  "JoinServer3" : {
    "transaction" : "JoinServer3",
    "sampleCount" : 9000,
    "errorCount" : 41,
    "errorPct" : 0.45555556,
    "meanResTime" : 1862.6405555555518,
    "medianResTime" : 750.0,
    "minResTime" : 27.0,
    "maxResTime" : 21037.0,
    "pct1ResTime" : 6834.900000000001,
    "pct2ResTime" : 7615.849999999997,
    "pct3ResTime" : 13622.99,
    "throughput" : 319.6136226428495,
    "receivedKBytesPerSec" : 0.0,
    "sentKBytesPerSec" : 0.0
  },
  "JoinServer1" : {
    "transaction" : "JoinServer1",
    "sampleCount" : 9000,
    "errorCount" : 1354,
    "errorPct" : 15.044444,
    "meanResTime" : 10578.375777777776,
    "medianResTime" : 6566.5,
    "minResTime" : 469.0,
    "maxResTime" : 30047.0,
    "pct1ResTime" : 23652.000000000007,
    "pct2ResTime" : 28974.749999999993,
    "pct3ResTime" : 29617.899999999998,
    "throughput" : 299.29167636593394,
    "receivedKBytesPerSec" : 0.0,
    "sentKBytesPerSec" : 0.0
  },
  "Total" : {
    "transaction" : "Total",
    "sampleCount" : 27000,
    "errorCount" : 2965,
    "errorPct" : 10.981482,
    "meanResTime" : 6935.382037037048,
    "medianResTime" : 2749.0,
    "minResTime" : 27.0,
    "maxResTime" : 30047.0,
    "pct1ResTime" : 22708.9,
    "pct2ResTime" : 23930.95,
    "pct3ResTime" : 29371.99,
    "throughput" : 696.8641114982579,
    "receivedKBytesPerSec" : 0.0,
    "sentKBytesPerSec" : 0.0
  },
  "JoinServer2" : {
    "transaction" : "JoinServer2",
    "sampleCount" : 9000,
    "errorCount" : 1570,
    "errorPct" : 17.444445,
    "meanResTime" : 8365.129777777785,
    "medianResTime" : 4988.5,
    "minResTime" : 27.0,
    "maxResTime" : 24304.0,
    "pct1ResTime" : 22908.9,
    "pct2ResTime" : 23538.0,
    "pct3ResTime" : 24078.989999999998,
    "throughput" : 273.7642585551331,
    "receivedKBytesPerSec" : 0.0,
    "sentKBytesPerSec" : 0.0
  }
}