{
  "Total" : {
    "transaction" : "Total",
    "sampleCount" : 50000,
    "errorCount" : 16727,
    "errorPct" : 33.454,
    "meanResTime" : 12666.680880000013,
    "medianResTime" : 25317.0,
    "minResTime" : 26.0,
    "maxResTime" : 37139.0,
    "pct1ResTime" : 29607.9,
    "pct2ResTime" : 30977.0,
    "pct3ResTime" : 33585.96000000001,
    "throughput" : 900.5114905266191,
    "receivedKBytesPerSec" : 0.0,
    "sentKBytesPerSec" : 0.0
  },
  "JoinServer" : {
    "transaction" : "JoinServer",
    "sampleCount" : 50000,
    "errorCount" : 16727,
    "errorPct" : 33.454,
    "meanResTime" : 12666.680880000013,
    "medianResTime" : 25317.0,
    "minResTime" : 26.0,
    "maxResTime" : 37139.0,
    "pct1ResTime" : 29607.9,
    "pct2ResTime" : 30977.0,
    "pct3ResTime" : 33585.96000000001,
    "throughput" : 900.5114905266191,
    "receivedKBytesPerSec" : 0.0,
    "sentKBytesPerSec" : 0.0
  }
}