{
  "JoinServer3" : {
    "transaction" : "JoinServer3",
    "sampleCount" : 6500,
    "errorCount" : 73,
    "errorPct" : 1.1230769,
    "meanResTime" : 1681.5738461538506,
    "medianResTime" : 709.0,
    "minResTime" : 26.0,
    "maxResTime" : 21237.0,
    "pct1ResTime" : 3606.9000000000005,
    "pct2ResTime" : 6293.699999999999,
    "pct3ResTime" : 14417.849999999997,
    "throughput" : 271.6823406478579,
    "receivedKBytesPerSec" : 0.0,
    "sentKBytesPerSec" : 0.0
  },
  "JoinServer1" : {
    "transaction" : "JoinServer1",
    "sampleCount" : 6500,
    "errorCount" : 2,
    "errorPct" : 0.03076923,
    "meanResTime" : 6860.477076923077,
    "medianResTime" : 5130.5,
    "minResTime" : 1428.0,
    "maxResTime" : 22918.0,
    "pct1ResTime" : 17173.0,
    "pct2ResTime" : 17260.0,
    "pct3ResTime" : 17507.989999999998,
    "throughput" : 278.95798463585254,
    "receivedKBytesPerSec" : 0.0,
    "sentKBytesPerSec" : 0.0
  },
  "Total" : {
    "transaction" : "Total",
    "sampleCount" : 19500,
    "errorCount" : 794,
    "errorPct" : 4.071795,
    "meanResTime" : 4795.9524615384435,
    "medianResTime" : 2503.0,
    "minResTime" : 26.0,
    "maxResTime" : 22918.0,
    "pct1ResTime" : 16898.0,
    "pct2ResTime" : 17315.95,
    "pct3ResTime" : 21277.0,
    "throughput" : 725.6083947309667,
    "receivedKBytesPerSec" : 0.0,
    "sentKBytesPerSec" : 0.0
  },
  "JoinServer2" : {
    "transaction" : "JoinServer2",
    "sampleCount" : 6500,
    "errorCount" : 719,
    "errorPct" : 11.061539,
    "meanResTime" : 5845.806461538441,
    "medianResTime" : 3290.5,
    "minResTime" : 27.0,
    "maxResTime" : 21389.0,
    "pct1ResTime" : 21036.0,
    "pct2ResTime" : 21202.95,
    "pct3ResTime" : 21350.989999999998,
    "throughput" : 264.09881358686823,
    "receivedKBytesPerSec" : 0.0,
    "sentKBytesPerSec" : 0.0
  }
}