{
  "Total" : {
    "transaction" : "Total",
    "sampleCount" : 40000,
    "errorCount" : 11158,
    "errorPct" : 27.895,
    "meanResTime" : 11320.595350000001,
    "medianResTime" : 21162.0,
    "minResTime" : 590.0,
    "maxResTime" : 28435.0,
    "pct1ResTime" : 23104.9,
    "pct2ResTime" : 24928.95,
    "pct3ResTime" : 27183.94000000001,
    "throughput" : 1101.3519094688731,
    "receivedKBytesPerSec" : 0.0,
    "sentKBytesPerSec" : 0.0
  },
  "143.198.212.115(2core2GB)" : {
    "transaction" : "143.198.212.115(2core2GB)",
    "sampleCount" : 40000,
    "errorCount" : 11158,
    "errorPct" : 27.895,
    "meanResTime" : 11320.595350000001,
    "medianResTime" : 21162.0,
    "minResTime" : 590.0,
    "maxResTime" : 28435.0,
    "pct1ResTime" : 23104.9,
    "pct2ResTime" : 24928.95,
    "pct3ResTime" : 27183.94000000001,
    "throughput" : 1101.3519094688731,
    "receivedKBytesPerSec" : 0.0,
    "sentKBytesPerSec" : 0.0
  }
}