{
  "Total" : {
    "transaction" : "Total",
    "sampleCount" : 20800,
    "errorCount" : 82,
    "errorPct" : 0.39423078,
    "meanResTime" : 1621.1652884615442,
    "medianResTime" : 237.0,
    "minResTime" : 26.0,
    "maxResTime" : 31603.0,
    "pct1ResTime" : 1312.0,
    "pct2ResTime" : 15102.95,
    "pct3ResTime" : 31008.93000000001,
    "throughput" : 392.38619857005415,
    "receivedKBytesPerSec" : 0.0,
    "sentKBytesPerSec" : 0.0
  },
  "JoinRoom" : {
    "transaction" : "JoinRoom",
    "sampleCount" : 20000,
    "errorCount" : 82,
    "errorPct" : 0.41,
    "meanResTime" : 744.4786000000006,
    "medianResTime" : 216.0,
    "minResTime" : 26.0,
    "maxResTime" : 21054.0,
    "pct1ResTime" : 1076.0,
    "pct2ResTime" : 3044.0,
    "pct3ResTime" : 15102.990000000002,
    "throughput" : 466.0375160200396,
    "receivedKBytesPerSec" : 0.0,
    "sentKBytesPerSec" : 0.0
  },
  "CreateRoom" : {
    "transaction" : "CreateRoom",
    "sampleCount" : 400,
    "errorCount" : 0,
    "errorPct" : 0.0,
    "meanResTime" : 16060.300000000001,
    "medianResTime" : 16012.0,
    "minResTime" : 15471.0,
    "maxResTime" : 16756.0,
    "pct1ResTime" : 16579.6,
    "pct2ResTime" : 16632.85,
    "pct3ResTime" : 16724.79,
    "throughput" : 23.849272597185784,
    "receivedKBytesPerSec" : 0.0,
    "sentKBytesPerSec" : 0.0
  },
  "JoinRoom&Wait30sec" : {
    "transaction" : "JoinRoom&Wait30sec",
    "sampleCount" : 400,
    "errorCount" : 0,
    "errorPct" : 0.0,
    "meanResTime" : 31016.364999999998,
    "medianResTime" : 31005.5,
    "minResTime" : 30418.0,
    "maxResTime" : 31603.0,
    "pct1ResTime" : 31479.4,
    "pct2ResTime" : 31542.0,
    "pct3ResTime" : 31596.88,
    "throughput" : 12.60835303388495,
    "receivedKBytesPerSec" : 0.0,
    "sentKBytesPerSec" : 0.0
  }
}