{
  "JoinServer3" : {
    "transaction" : "JoinServer3",
    "sampleCount" : 7000,
    "errorCount" : 132,
    "errorPct" : 1.8857143,
    "meanResTime" : 2302.5251428571437,
    "medianResTime" : 818.0,
    "minResTime" : 27.0,
    "maxResTime" : 21050.0,
    "pct1ResTime" : 6728.900000000001,
    "pct2ResTime" : 7592.849999999999,
    "pct3ResTime" : 19660.989999999998,
    "throughput" : 266.9310555216595,
    "receivedKBytesPerSec" : 0.0,
    "sentKBytesPerSec" : 0.0
  },
  "JoinServer1" : {
    "transaction" : "JoinServer1",
    "sampleCount" : 7000,
    "errorCount" : 386,
    "errorPct" : 5.5142856,
    "meanResTime" : 7700.507428571408,
    "medianResTime" : 5641.5,
    "minResTime" : 1745.0,
    "maxResTime" : 23850.0,
    "pct1ResTime" : 17488.7,
    "pct2ResTime" : 17881.85,
    "pct3ResTime" : 23444.0,
    "throughput" : 293.14460404539557,
    "receivedKBytesPerSec" : 0.0,
    "sentKBytesPerSec" : 0.0
  },
  "Total" : {
    "transaction" : "Total",
    "sampleCount" : 21000,
    "errorCount" : 900,
    "errorPct" : 4.285714,
    "meanResTime" : 4828.090476190445,
    "medianResTime" : 2819.0,
    "minResTime" : 27.0,
    "maxResTime" : 23850.0,
    "pct1ResTime" : 15835.0,
    "pct2ResTime" : 17646.0,
    "pct3ResTime" : 22679.960000000006,
    "throughput" : 703.7061859124724,
    "receivedKBytesPerSec" : 0.0,
    "sentKBytesPerSec" : 0.0
  },
  "JoinServer2" : {
    "transaction" : "JoinServer2",
    "sampleCount" : 7000,
    "errorCount" : 382,
    "errorPct" : 5.457143,
    "meanResTime" : 4481.238857142846,
    "medianResTime" : 1883.0,
    "minResTime" : 28.0,
    "maxResTime" : 21166.0,
    "pct1ResTime" : 11579.900000000001,
    "pct2ResTime" : 21025.0,
    "pct3ResTime" : 21058.0,
    "throughput" : 258.7513399622962,
    "receivedKBytesPerSec" : 0.0,
    "sentKBytesPerSec" : 0.0
  }
}