{
  "JoinServer3" : {
    "transaction" : "JoinServer3",
    "sampleCount" : 6500,
    "errorCount" : 91,
    "errorPct" : 1.4,
    "meanResTime" : 2795.048000000007,
    "medianResTime" : 772.0,
    "minResTime" : 27.0,
    "maxResTime" : 21415.0,
    "pct1ResTime" : 7612.900000000001,
    "pct2ResTime" : 15318.0,
    "pct3ResTime" : 21035.989999999998,
    "throughput" : 229.92571630703927,
    "receivedKBytesPerSec" : 0.0,
    "sentKBytesPerSec" : 0.0
  },
  "JoinServer1" : {
    "transaction" : "JoinServer1",
    "sampleCount" : 6500,
    "errorCount" : 0,
    "errorPct" : 0.0,
    "meanResTime" : 6351.520000000006,
    "medianResTime" : 4340.0,
    "minResTime" : 1120.0,
    "maxResTime" : 18235.0,
    "pct1ResTime" : 16844.800000000003,
    "pct2ResTime" : 17545.95,
    "pct3ResTime" : 17996.989999999998,
    "throughput" : 356.08633724115265,
    "receivedKBytesPerSec" : 0.0,
    "sentKBytesPerSec" : 0.0
  },
  "Total" : {
    "transaction" : "Total",
    "sampleCount" : 19500,
    "errorCount" : 378,
    "errorPct" : 1.9384615,
    "meanResTime" : 4639.208512820505,
    "medianResTime" : 2499.0,
    "minResTime" : 27.0,
    "maxResTime" : 21415.0,
    "pct1ResTime" : 15297.0,
    "pct2ResTime" : 16951.95,
    "pct3ResTime" : 21056.0,
    "throughput" : 631.6403213267686,
    "receivedKBytesPerSec" : 0.0,
    "sentKBytesPerSec" : 0.0
  },
  "JoinServer2" : {
    "transaction" : "JoinServer2",
    "sampleCount" : 6500,
    "errorCount" : 287,
    "errorPct" : 4.415385,
    "meanResTime" : 4771.05753846153,
    "medianResTime" : 1896.0,
    "minResTime" : 27.0,
    "maxResTime" : 21148.0,
    "pct1ResTime" : 15309.0,
    "pct2ResTime" : 15660.599999999999,
    "pct3ResTime" : 21081.0,
    "throughput" : 248.95629859435445,
    "receivedKBytesPerSec" : 0.0,
    "sentKBytesPerSec" : 0.0
  }
}