{
  "JoinServer3" : {
    "transaction" : "JoinServer3",
    "sampleCount" : 6500,
    "errorCount" : 16,
    "errorPct" : 0.24615385,
    "meanResTime" : 2374.50846153846,
    "medianResTime" : 955.0,
    "minResTime" : 26.0,
    "maxResTime" : 21054.0,
    "pct1ResTime" : 7222.0,
    "pct2ResTime" : 7316.0,
    "pct3ResTime" : 15589.0,
    "throughput" : 252.25085377212048,
    "receivedKBytesPerSec" : 0.0,
    "sentKBytesPerSec" : 0.0
  },
  "JoinServer1" : {
    "transaction" : "JoinServer1",
    "sampleCount" : 6500,
    "errorCount" : 30,
    "errorPct" : 0.46153846,
    "meanResTime" : 4787.80246153845,
    "medianResTime" : 4720.0,
    "minResTime" : 1107.0,
    "maxResTime" : 22649.0,
    "pct1ResTime" : 9499.800000000001,
    "pct2ResTime" : 13503.849999999999,
    "pct3ResTime" : 16785.989999999998,
    "throughput" : 282.65785353974604,
    "receivedKBytesPerSec" : 0.0,
    "sentKBytesPerSec" : 0.0
  },
  "Total" : {
    "transaction" : "Total",
    "sampleCount" : 19500,
    "errorCount" : 889,
    "errorPct" : 4.5589743,
    "meanResTime" : 4621.945179487186,
    "medianResTime" : 2668.5,
    "minResTime" : 26.0,
    "maxResTime" : 22649.0,
    "pct1ResTime" : 15129.0,
    "pct2ResTime" : 15445.0,
    "pct3ResTime" : 21029.0,
    "throughput" : 684.7631421849212,
    "receivedKBytesPerSec" : 0.0,
    "sentKBytesPerSec" : 0.0
  },
  "JoinServer2" : {
    "transaction" : "JoinServer2",
    "sampleCount" : 6500,
    "errorCount" : 843,
    "errorPct" : 12.969231,
    "meanResTime" : 6703.524615384622,
    "medianResTime" : 3981.0,
    "minResTime" : 27.0,
    "maxResTime" : 21269.0,
    "pct1ResTime" : 15434.0,
    "pct2ResTime" : 15531.0,
    "pct3ResTime" : 21045.0,
    "throughput" : 254.72215690884863,
    "receivedKBytesPerSec" : 0.0,
    "sentKBytesPerSec" : 0.0
  }
}