{
  "Total" : {
    "transaction" : "Total",
    "sampleCount" : 1581,
    "errorCount" : 0,
    "errorPct" : 0.0,
    "meanResTime" : 62085.591397849406,
    "medianResTime" : 62031.0,
    "minResTime" : 61241.0,
    "maxResTime" : 65417.0,
    "pct1ResTime" : 62530.8,
    "pct2ResTime" : 62650.0,
    "pct3ResTime" : 64935.560000000005,
    "throughput" : 24.162489301870647,
    "receivedKBytesPerSec" : 0.0,
    "sentKBytesPerSec" : 0.0
  },
  "UserType3" : {
    "transaction" : "UserType3",
    "sampleCount" : 620,
    "errorCount" : 0,
    "errorPct" : 0.0,
    "meanResTime" : 61976.095161290315,
    "medianResTime" : 61973.5,
    "minResTime" : 61241.0,
    "maxResTime" : 62729.0,
    "pct1ResTime" : 62469.8,
    "pct2ResTime" : 62559.95,
    "pct3ResTime" : 62685.79,
    "throughput" : 9.87858895510022,
    "receivedKBytesPerSec" : 0.0,
    "sentKBytesPerSec" : 0.0
  },
  "UserType4" : {
    "transaction" : "UserType4",
    "sampleCount" : 310,
    "errorCount" : 0,
    "errorPct" : 0.0,
    "meanResTime" : 62088.44193548389,
    "medianResTime" : 62089.0,
    "minResTime" : 61502.0,
    "maxResTime" : 62705.0,
    "pct1ResTime" : 62461.5,
    "pct2ResTime" : 62551.6,
    "pct3ResTime" : 62661.58,
    "throughput" : 4.943311380778492,
    "receivedKBytesPerSec" : 0.0,
    "sentKBytesPerSec" : 0.0
  },
  "UserType1" : {
    "transaction" : "UserType1",
    "sampleCount" : 31,
    "errorCount" : 0,
    "errorPct" : 0.0,
    "meanResTime" : 64944.25806451613,
    "medianResTime" : 64928.0,
    "minResTime" : 64463.0,
    "maxResTime" : 65417.0,
    "pct1ResTime" : 65349.8,
    "pct2ResTime" : 65408.6,
    "pct3ResTime" : 65417.0,
    "throughput" : 0.4737743000366793,
    "receivedKBytesPerSec" : 0.0,
    "sentKBytesPerSec" : 0.0
  },
  "UserType2" : {
    "transaction" : "UserType2",
    "sampleCount" : 620,
    "errorCount" : 0,
    "errorPct" : 0.0,
    "meanResTime" : 62050.729032258125,
    "medianResTime" : 62041.0,
    "minResTime" : 61300.0,
    "maxResTime" : 62804.0,
    "pct1ResTime" : 62545.4,
    "pct2ResTime" : 62667.299999999996,
    "pct3ResTime" : 62787.69,
    "throughput" : 9.868368694987824,
    "receivedKBytesPerSec" : 0.0,
    "sentKBytesPerSec" : 0.0
  }
}