{
  "Total" : {
    "transaction" : "Total",
    "sampleCount" : 40000,
    "errorCount" : 9849,
    "errorPct" : 24.6225,
    "meanResTime" : 10131.800149999975,
    "medianResTime" : 17065.5,
    "minResTime" : 598.0,
    "maxResTime" : 24256.0,
    "pct1ResTime" : 21957.0,
    "pct2ResTime" : 22470.0,
    "pct3ResTime" : 23676.99,
    "throughput" : 1203.6229049438812,
    "receivedKBytesPerSec" : 0.0,
    "sentKBytesPerSec" : 0.0
  },
  "143.198.212.115(2core2GB)" : {
    "transaction" : "143.198.212.115(2core2GB)",
    "sampleCount" : 40000,
    "errorCount" : 9849,
    "errorPct" : 24.6225,
    "meanResTime" : 10131.800149999975,
    "medianResTime" : 17065.5,
    "minResTime" : 598.0,
    "maxResTime" : 24256.0,
    "pct1ResTime" : 21957.0,
    "pct2ResTime" : 22470.0,
    "pct3ResTime" : 23676.99,
    "throughput" : 1203.6229049438812,
    "receivedKBytesPerSec" : 0.0,
    "sentKBytesPerSec" : 0.0
  }
}