{
  "Total" : {
    "transaction" : "Total",
    "sampleCount" : 40000,
    "errorCount" : 9325,
    "errorPct" : 23.3125,
    "meanResTime" : 10209.283075000056,
    "medianResTime" : 16084.5,
    "minResTime" : 288.0,
    "maxResTime" : 27403.0,
    "pct1ResTime" : 21456.0,
    "pct2ResTime" : 25547.750000000004,
    "pct3ResTime" : 26883.980000000003,
    "throughput" : 1126.2212461638087,
    "receivedKBytesPerSec" : 0.0,
    "sentKBytesPerSec" : 0.0
  },
  "143.198.212.115(2core2GB)" : {
    "transaction" : "143.198.212.115(2core2GB)",
    "sampleCount" : 40000,
    "errorCount" : 9325,
    "errorPct" : 23.3125,
    "meanResTime" : 10209.283075000056,
    "medianResTime" : 16084.5,
    "minResTime" : 288.0,
    "maxResTime" : 27403.0,
    "pct1ResTime" : 21456.0,
    "pct2ResTime" : 25547.750000000004,
    "pct3ResTime" : 26883.980000000003,
    "throughput" : 1126.2212461638087,
    "receivedKBytesPerSec" : 0.0,
    "sentKBytesPerSec" : 0.0
  }
}